name,chromosome,strand,startPos,endPos,entrezId,description_graph_id,graph_id
CRKL,22,FORWARD,21271714,21308037,1399,es_20200422172704578245,geneInfo_gene_1399
CTCF,16,FORWARD,67596310,67673086,10664,es_20200422172728509499,geneInfo_gene_10664
KDM5C,HG1433_PATCH,REVERSE,52934321,52968422,8242,es_20200422173656612927,geneInfo_gene_8242
AR,X,FORWARD,66764465,66950461,367,es_20200422172145346355,geneInfo_gene_367
ASXL1,20,FORWARD,30946155,31027122,171023,es_20200422172201524545,geneInfo_gene_171023
STT3A,11,FORWARD,125461607,125495110,3703,es_20200430163420761511,geneInfo_gene_3703
SMC3,10,FORWARD,112327449,112364394,9126,es_20200422174749866282,geneInfo_gene_9126
SOX10,22,REVERSE,38366693,38383429,6663,es_20200422174759854405,geneInfo_gene_6663
CD79B,17,REVERSE,62006100,62009714,974,es_20200422172543977553,geneInfo_gene_974
CD8B,2,REVERSE,87042462,87089047,926,es_20200422172555342237,geneInfo_gene_926
TLR7,X,FORWARD,12885202,12908499,51284,es_20200422181624808543,geneInfo_gene_51284
ACVR1,2,REVERSE,158592958,158732374,90,es_20200422172101224354,geneInfo_gene_90
AKT1,14,REVERSE,105235686,105262088,207,es_20200422172111894446,geneInfo_gene_207
ABL1,9,FORWARD,133589333,133763062,25,es_20200422172056623017,geneInfo_gene_25
ABL2,1,REVERSE,179068462,179198819,27,es_20200422172059166233,geneInfo_gene_27
ALOX12B,17,REVERSE,7975954,7991021,242,es_20200422172131093883,geneInfo_gene_242
ACVR1B,12,FORWARD,52345451,52390862,91,es_20200422172103498939,geneInfo_gene_91
AKT2,19,REVERSE,40736224,40791443,208,es_20200422172125256448,geneInfo_gene_208
ADORA2A,22,FORWARD,24813847,24838328,135,es_20200422172108446508,geneInfo_gene_135
ALK,2,REVERSE,29415640,30144432,238,es_20200422172129607442,geneInfo_gene_238
ACVRL1,12,FORWARD,52300692,52317145,94,es_20200422172105978607,geneInfo_gene_94
ANKRD26,10,REVERSE,27280843,27389421,22852,es_20200422172136480613,geneInfo_gene_22852
ARFRP1,20,REVERSE,62329996,62339377,10139,es_20200422172149598447,geneInfo_gene_10139
ANKRD11,16,REVERSE,89334038,89556969,29123,es_20200422172133978609,geneInfo_gene_29123
APEX1,14,FORWARD,20923350,20925927,328,es_20200422172141997728,geneInfo_gene_328
ARID2,12,FORWARD,46123448,46301823,196528,es_20200422172156821363,geneInfo_gene_196528
AKT3,1,REVERSE,243651535,244014381,10000,es_20200422172127386490,geneInfo_gene_10000
BCR,22,FORWARD,23521891,23660224,613,es_20200422172321043678,geneInfo_gene_613
ARAF,X,FORWARD,47420516,47431307,369,es_20200422172148041012,geneInfo_gene_369
ARID1A,1,FORWARD,27022524,27108595,8289,es_20200422172152134990,geneInfo_gene_8289
APC,5,FORWARD,112043195,112181936,324,es_20200422172139747920,geneInfo_gene_324
ARID1B,6,FORWARD,157099063,157531913,57492,es_20200422172154210330,geneInfo_gene_57492
ASXL2,2,REVERSE,25956622,26101385,55252,es_20200422172205386327,geneInfo_gene_55252
ATM,11,FORWARD,108093211,108239829,472,es_20200422172208014061,geneInfo_gene_472
AXL,19,FORWARD,41725108,41767671,558,es_20200422172239650357,geneInfo_gene_558
BARD1,2,REVERSE,215590370,215674428,580,es_20200422172253885162,geneInfo_gene_580
ARID5B,10,FORWARD,63661059,63856703,84159,es_20200422172159556945,geneInfo_gene_84159
AURKA,20,REVERSE,54944445,54967393,6790,es_20200422172224741379,geneInfo_gene_6790
ATP11B,3,FORWARD,182511288,182639423,23200,es_20200422172216588375,geneInfo_gene_23200
BAP1,3,REVERSE,52435029,52444366,8314,es_20200422172244820192,geneInfo_gene_8314
AXIN1,16,REVERSE,337440,402673,8312,es_20200422172232582288,geneInfo_gene_8312
ATRX,HG1426_PATCH,REVERSE,76765832,77047170,546,es_20200422172221113086,geneInfo_gene_546
ATR,3,REVERSE,142168077,142297668,545,es_20200422172218754730,geneInfo_gene_545
AXIN2,17,REVERSE,63524681,63557765,8313,es_20200422172236236668,geneInfo_gene_8313
CCND1,11,FORWARD,69455855,69469242,595,es_20200422172437864739,geneInfo_gene_595
AURKB,17,REVERSE,8108056,8113918,9212,es_20200422172228494571,geneInfo_gene_9212
B2M,15,FORWARD,45003675,45011075,567,es_20200422172242472949,geneInfo_gene_567
BBC3,19,REVERSE,47724081,47736023,27113,es_20200422172256182406,geneInfo_gene_27113
BCL10,1,REVERSE,85731931,85742773,8915,es_20200422172259201090,geneInfo_gene_8915
BIRC2,11,FORWARD,102217942,102249401,329,es_20200422172325608299,geneInfo_gene_329
BCL2,18,REVERSE,60790579,60987361,596,es_20200422172302324344,geneInfo_gene_596
BCL9,1,FORWARD,147013182,147098017,607,es_20200422172313429221,geneInfo_gene_607
BCORL1,X,FORWARD,129115083,129192058,63035,es_20200422172318539663,geneInfo_gene_63035
BCL2L1,20,REVERSE,30252255,30311792,598,es_20200422172305355053,geneInfo_gene_598
BCL6,3,REVERSE,187439165,187463515,604,es_20200422172311839335,geneInfo_gene_604
BCL2L11,2,FORWARD,111876955,111926024,10018,es_20200422172308001052,geneInfo_gene_10018
BCOR,X,REVERSE,39909068,40036582,54880,es_20200422172315556625,geneInfo_gene_54880
BCL2L2,14,FORWARD,23767999,23780968,599,es_20200422172309847226,geneInfo_gene_599
BIRC3,11,FORWARD,102188215,102210134,330,es_20200422172327988584,geneInfo_gene_330
BRAF,7,REVERSE,140419127,140624564,673,es_20200422172346234434,geneInfo_gene_673
BLM,15,FORWARD,91260558,91358859,641,es_20200422172330456028,geneInfo_gene_641
BRCA2,13,FORWARD,32889611,32973805,675,es_20200422172355175206,geneInfo_gene_675
BTG1,12,REVERSE,92536286,92539673,694,es_20200422172407033568,geneInfo_gene_694
VSIR,10,REVERSE,73507316,73533255,64115,es_20200422172415336248,geneInfo_gene_64115
BMPR1A,10,FORWARD,88516407,88692595,657,es_20200422172343345930,geneInfo_gene_657
BRIP1,17,REVERSE,59758627,59940882,83990,es_20200422172405042424,geneInfo_gene_83990
BRCA1,17,REVERSE,41196312,41277500,672,es_20200422172351356156,geneInfo_gene_672
BRD4,19,REVERSE,15347647,15443356,23476,es_20200422172358061526,geneInfo_gene_23476
BTK,HG1439_PATCH,REVERSE,100604435,100641183,695,es_20200422172409753273,geneInfo_gene_695
BTLA,3,REVERSE,112182815,112218408,151888,es_20200422172411213555,geneInfo_gene_151888
EMSY,11,FORWARD,76155967,76264069,56946,es_20200422172418453705,geneInfo_gene_56946
CALR,19,FORWARD,13049392,13055303,811,es_20200422172422753145,geneInfo_gene_811
CCND2,12,FORWARD,4382938,4414516,894,es_20200422172439423830,geneInfo_gene_894
CD274,9,FORWARD,5450503,5470566,29126,es_20200422172459348018,geneInfo_gene_29126
CBFB,16,FORWARD,67063019,67134961,865,es_20200422172430070649,geneInfo_gene_865
CCL2,17,FORWARD,32582304,32584222,6347,es_20200422172434843636,geneInfo_gene_6347
CASP8,2,FORWARD,202098166,202152434,841,es_20200422172428033975,geneInfo_gene_841
CARD11,7,REVERSE,2945775,3083579,84433,es_20200422172425372318,geneInfo_gene_84433
CBL,11,FORWARD,119076752,119178859,867,es_20200422172432220601,geneInfo_gene_867
CCNE1,19,FORWARD,30302805,30315215,898,es_20200422172443224706,geneInfo_gene_898
CD163,12,REVERSE,7623409,7656489,9332,es_20200422172449280169,geneInfo_gene_9332
CD244,1,REVERSE,160799950,160832692,51744,es_20200422172452730833,geneInfo_gene_51744
CCND3,6,REVERSE,41902671,42018095,896,es_20200422172441582984,geneInfo_gene_896
CD28,2,FORWARD,204571198,204603635,940,es_20200422172507724568,geneInfo_gene_940
CCR2,3,FORWARD,46395225,46402419,729230,es_20200422172445509762,geneInfo_gene_729230
CD2,1,FORWARD,117297007,117311850,914,es_20200422172450884033,geneInfo_gene_914
CD3G,11,FORWARD,118215059,118225876,917,es_20200422172515620006,geneInfo_gene_917
CD276,15,FORWARD,73976307,74006859,80381,es_20200422172504808420,geneInfo_gene_80381
CD4,12,FORWARD,6896024,6929974,920,es_20200422172520373201,geneInfo_gene_920
CD27,12,FORWARD,6554033,6560884,939,es_20200422172457014044,geneInfo_gene_939
CD3E,11,FORWARD,118175260,118186890,916,es_20200422172512455049,geneInfo_gene_916
CD38,4,FORWARD,15779898,15854853,952,es_20200422172518035514,geneInfo_gene_952
CD80,3,REVERSE,119243140,119278449,941,es_20200422172549529642,geneInfo_gene_941
CD3D,11,REVERSE,118209669,118213459,915,es_20200422172509600885,geneInfo_gene_915
CD40,20,FORWARD,44746911,44758502,958,es_20200422172522881721,geneInfo_gene_958
CD44,11,FORWARD,35160417,35253949,960,es_20200422172528528801,geneInfo_gene_960
CD68,17,FORWARD,7482785,7485429,968,es_20200422172538081196,geneInfo_gene_968
CD40LG,X,FORWARD,135730352,135742549,959,es_20200422172525156605,geneInfo_gene_959
CD74,5,REVERSE,149781200,149792492,972,es_20200422172540013449,geneInfo_gene_972
CD79A,19,FORWARD,42381190,42385439,973,es_20200422172542270410,geneInfo_gene_973
CD8B,2,REVERSE,87042462,87089047,926,es_20200422172555342237,geneInfo_gene_926
CD8A,2,REVERSE,87011729,87035519,925,es_20200422172553594569,geneInfo_gene_925
CDC73,1,FORWARD,193091147,193223031,79577,es_20200422172557609084,geneInfo_gene_79577
CD8A,2,REVERSE,87011729,87035519,925,es_20200422172553594569,geneInfo_gene_925
CDK6,7,REVERSE,92234235,92465908,1021,es_20200422172611343182,geneInfo_gene_1021
CD86,3,FORWARD,121774213,121839983,942,es_20200422172551249386,geneInfo_gene_942
CHD2,15,FORWARD,93426526,93571237,1106,es_20200422172643215008,geneInfo_gene_1106
CDH1,16,FORWARD,68771128,68869451,999,es_20200422172600758839,geneInfo_gene_999
CDKN1B,12,FORWARD,12867992,12875305,1027,es_20200422172620620841,geneInfo_gene_1027
CDK4,12,REVERSE,58141510,58149796,1019,es_20200422172608878740,geneInfo_gene_1019
CDKN2A,9,REVERSE,21967751,21995300,1029,es_20200422172624107577,geneInfo_gene_1029
CDK8,13,FORWARD,26828276,26979375,1024,es_20200422172613865440,geneInfo_gene_1024
CDKN2C,1,FORWARD,51426417,51440305,1031,es_20200422172628794154,geneInfo_gene_1031
CDK12,17,FORWARD,37617764,37721160,51755,es_20200422172605398270,geneInfo_gene_51755
CDKN1A,6,FORWARD,36644305,36655116,1026,es_20200422172616425502,geneInfo_gene_1026
CDKN2B,9,REVERSE,22002902,22009362,1030,es_20200422172625828340,geneInfo_gene_1030
FGFR2,10,REVERSE,123237848,123357972,2263,es_20200422173145408814,geneInfo_gene_2263
CENPA,2,FORWARD,26987157,27023935,1058,es_20200422172633263714,geneInfo_gene_1058
CSF3R,1,REVERSE,36931644,36948879,1441,es_20200422172712612231,geneInfo_gene_1441
CEBPA,19,REVERSE,33790840,33793470,1050,es_20200422172630505569,geneInfo_gene_1050
CHD4,12,REVERSE,6679249,6716642,1108,es_20200422172645582615,geneInfo_gene_1108
CSF1R,5,REVERSE,149432854,149492935,1436,es_20200422172708970693,geneInfo_gene_1436
CIC,19,FORWARD,42772689,42799949,23152,es_20200422172653219180,geneInfo_gene_23152
CRLF2,X,REVERSE,1314890,1331616,64109,es_20200422172706146960,geneInfo_gene_64109
CTNNA1,5,FORWARD,137946656,138270723,1495,es_20200422172734436823,geneInfo_gene_1495
CHEK1,11,FORWARD,125495036,125546150,1111,es_20200422172648196517,geneInfo_gene_1111
CREBBP,16,REVERSE,3775055,3930727,1387,es_20200422172656536276,geneInfo_gene_1387
CHEK2,22,REVERSE,29083731,29138410,11200,es_20200422172650987283,geneInfo_gene_11200
CSNK2A1,20,REVERSE,459116,524465,1457,es_20200422172719037456,geneInfo_gene_1457
CSNK1A1,5,REVERSE,148872949,148884233,1452,es_20200422172714220020,geneInfo_gene_1452
CTLA4,2,FORWARD,204732509,204738683,1493,es_20200422172731289925,geneInfo_gene_1493
CUL3,2,REVERSE,225334867,225450110,8452,es_20200422172747876577,geneInfo_gene_8452
CTNNB1,3,FORWARD,41236328,41301587,1499,es_20200422172739405307,geneInfo_gene_1499
CXCR4,2,REVERSE,136871919,136875735,7852,es_20200422172812359689,geneInfo_gene_7852
CUX1,7,FORWARD,101458959,101927249,1523,es_20200422172805076245,geneInfo_gene_1523
CXCL10,4,REVERSE,76942273,76944650,3627,es_20200422172806783074,geneInfo_gene_3627
CYLD,16,FORWARD,50775961,50835846,1540,es_20200422172818894471,geneInfo_gene_1540
DAXX,6,REVERSE,33286335,33297046,1616,es_20200422172829401052,geneInfo_gene_1616
DIS3,13,REVERSE,73329540,73356234,22894,es_20200422172848021141,geneInfo_gene_22894
DNMT3B,20,FORWARD,31350191,31397162,1789,es_20200422172857629347,geneInfo_gene_1789
DDX41,5,REVERSE,176938578,176944470,51428,es_20200422172838831364,geneInfo_gene_51428
DDR2,1,FORWARD,162601163,162757190,4921,es_20200422172835958874,geneInfo_gene_4921
CXCR6,3,FORWARD,45982425,45989845,10663,es_20200422172816457665,geneInfo_gene_10663
EGFR,7,FORWARD,55086714,55324313,1956,es_20200422172910508799,geneInfo_gene_1956
DCUN1D1,3,REVERSE,182655862,182703741,54165,es_20200422172832090264,geneInfo_gene_54165
DICER1,14,REVERSE,95552565,95624347,23405,es_20200422172846458026,geneInfo_gene_23405
DOT1L,19,FORWARD,2164148,2232577,84444,es_20200422172859805027,geneInfo_gene_84444
DDX58,9,REVERSE,32455300,32526322,23586,es_20200422172841389602,geneInfo_gene_23586
DNAJB1,19,REVERSE,14625582,14640582,3337,es_20200422172849803026,geneInfo_gene_3337
DNMT3A,2,REVERSE,25455845,25565459,1788,es_20200422172855052600,geneInfo_gene_1788
DHX15,4,REVERSE,24519064,24586173,1665,es_20200422172843999179,geneInfo_gene_1665
DNMT1,19,REVERSE,10244021,10341962,1786,es_20200422172852624468,geneInfo_gene_1786
EGFL7,9,FORWARD,139553308,139567130,51162,es_20200422172906289851,geneInfo_gene_51162
EPHA3,3,FORWARD,89156674,89531284,2042,es_20200422172943135931,geneInfo_gene_2042
EIF4E,4,REVERSE,99792835,99851788,1977,es_20200422172923005745,geneInfo_gene_1977
ENTPD1,10,FORWARD,97471536,97637023,953,es_20200422172927054208,geneInfo_gene_953
EPHB1,3,FORWARD,134316643,134979309,2047,es_20200422172949118587,geneInfo_gene_2047
E2F3,6,FORWARD,20402398,20493941,1871,es_20200422172902082521,geneInfo_gene_1871
EPHA7,6,REVERSE,93949738,94129265,2045,es_20200422172946986811,geneInfo_gene_2045
EED,11,FORWARD,85955586,85989855,8726,es_20200422172903946442,geneInfo_gene_8726
EIF4A2,3,FORWARD,186500994,186507689,1974,es_20200422172920136786,geneInfo_gene_1974
EP300,22,FORWARD,41487790,41576081,2033,es_20200422172930170242,geneInfo_gene_2033
EIF1AX,X,REVERSE,20142636,20159962,1964,es_20200422172917498918,geneInfo_gene_1964
EML4,2,FORWARD,42396490,42559688,27436,es_20200422172924625112,geneInfo_gene_27436
EPCAM,2,FORWARD,47572297,47614740,4072,es_20200422172941188746,geneInfo_gene_4072
ERBB4,2,REVERSE,212240446,213403565,2066,es_20200422172958944429,geneInfo_gene_2066
EPHA5,4,REVERSE,66185281,66536213,2044,es_20200422172944673217,geneInfo_gene_2044
ERCC3,2,REVERSE,128014866,128051752,2071,es_20200422173005203795,geneInfo_gene_2071
ERBB2,17,FORWARD,37844167,37886679,2064,es_20200422172952131271,geneInfo_gene_2064
ERBB3,12,FORWARD,56473641,56497289,2065,es_20200422172954225527,geneInfo_gene_2065
ERCC1,19,REVERSE,45910591,45982086,2067,es_20200422173000706218,geneInfo_gene_2067
ESR1,6,FORWARD,151977826,152450754,2099,es_20200422173016760791,geneInfo_gene_2099
ERCC2,19,REVERSE,45853095,45874176,2068,es_20200422173003373835,geneInfo_gene_2068
ERG,21,REVERSE,39751949,40033704,2078,es_20200422173011704215,geneInfo_gene_2078
ERCC4,16,FORWARD,14014014,14046202,2072,es_20200422173008122886,geneInfo_gene_2072
ETS1,11,REVERSE,128328656,128457453,2113,es_20200422173018916131,geneInfo_gene_2113
ERRFI1,1,REVERSE,8064464,8086368,54206,es_20200422173013223242,geneInfo_gene_54206
ERCC5,13,FORWARD,103497194,103528345,2073,es_20200422173009912016,geneInfo_gene_2073
AMER1,X,REVERSE,63404997,63425624,139285,es_20200422173035106388,geneInfo_gene_139285
ETV5,3,REVERSE,185764097,185828107,2119,es_20200422173024563162,geneInfo_gene_2119
ETV1,7,REVERSE,13930853,14031050,2115,es_20200422173020403249,geneInfo_gene_2115
ETV6,12,FORWARD,11802788,12048336,2120,es_20200422173026386824,geneInfo_gene_2120
ETV4,17,REVERSE,41605212,41656988,2118,es_20200422173022853395,geneInfo_gene_2118
EWSR1,22,FORWARD,29663998,29696515,2130,es_20200422173028761087,geneInfo_gene_2130
ABRAXAS1,4,REVERSE,84382092,84444501,84142,es_20200422173036728310,geneInfo_gene_84142
FGF3,11,REVERSE,69624992,69633792,2248,es_20200422173129608830,geneInfo_gene_2248
FGF6,12,REVERSE,4537321,4554780,2251,es_20200422173134100522,geneInfo_gene_2251
EZH2,7,REVERSE,148504475,148581413,2146,es_20200422173031812216,geneInfo_gene_2146
FANCA,16,REVERSE,89803957,89883065,2175,es_20200422173041722362,geneInfo_gene_2175
FANCG,9,REVERSE,35073832,35080013,2189,es_20200422173050580693,geneInfo_gene_2189
FANCC,9,REVERSE,97861336,98079991,2176,es_20200422173043172258,geneInfo_gene_2176
FANCD2,3,FORWARD,10068098,10143614,2177,es_20200422173045664557,geneInfo_gene_2177
FANCI,15,FORWARD,89787180,89860492,55215,es_20200422173052515487,geneInfo_gene_55215
FANCF,11,REVERSE,22644079,22647387,2188,es_20200422173048947200,geneInfo_gene_2188
FAS,10,FORWARD,90750414,90775542,355,es_20200422173100142934,geneInfo_gene_355
TENT5C,1,FORWARD,118148556,118170994,54855,es_20200422173039389323,geneInfo_gene_54855
FANCE,6,FORWARD,35420138,35434880,2178,es_20200422173047368494,geneInfo_gene_2178
FBXW7,4,REVERSE,153242410,153457253,55294,es_20200422173104036295,geneInfo_gene_55294
FANCL,2,REVERSE,58386378,58468507,55120,es_20200422173054301824,geneInfo_gene_55120
FAT1,4,REVERSE,187508937,187647876,2195,es_20200422173101834097,geneInfo_gene_2195
FGF10,5,REVERSE,44303646,44389808,2255,es_20200422173118316970,geneInfo_gene_2255
FGF14,13,REVERSE,102372134,103054124,2259,es_20200422173120547059,geneInfo_gene_2259
FGF2,4,FORWARD,123747863,123819391,2247,es_20200422173124849229,geneInfo_gene_2247
FGFR3,4,FORWARD,1795034,1810599,2261,es_20200422173147895552,geneInfo_gene_2261
FGF19,11,REVERSE,69513000,69519410,9965,es_20200422173121981387,geneInfo_gene_9965
FGF1,5,REVERSE,141971743,142077617,2246,es_20200422173114507502,geneInfo_gene_2246
FGF23,12,REVERSE,4477393,4488894,8074,es_20200422173127431232,geneInfo_gene_8074
H3-3B,1,FORWARD,226249552,226259702,3021,es_20200422173347215222,geneInfo_gene_3021
H3C7,6,FORWARD,26020718,26021186,8968,es_20200422173413104856,geneInfo_gene_8968
FGF9,13,FORWARD,22245522,22278637,2254,es_20200422173140685104,geneInfo_gene_2254
FLCN,17,REVERSE,17115526,17140502,201163,es_20200422173154039767,geneInfo_gene_201163
FGF4,11,REVERSE,69587797,69590171,2249,es_20200422173131013063,geneInfo_gene_2249
FGF7,15,FORWARD,49715293,49780972,2252,es_20200422173135542003,geneInfo_gene_2252
FGF5,4,FORWARD,81187753,81257834,2250,es_20200422173132591585,geneInfo_gene_2250
FGF8,10,REVERSE,103529899,103535854,2253,es_20200422173136974431,geneInfo_gene_2253
FGFR4,5,FORWARD,176513887,176525145,2264,es_20200422173149711060,geneInfo_gene_2264
FRS2,12,FORWARD,69864129,69973562,10818,es_20200422173228883872,geneInfo_gene_10818
FGFR1,8,REVERSE,38268656,38326352,2260,es_20200422173143175728,geneInfo_gene_2260
FLT4,5,REVERSE,180028506,180076624,2324,es_20200422173210515544,geneInfo_gene_2324
FLI1,11,FORWARD,128556430,128683162,2313,es_20200422173202143600,geneInfo_gene_2313
FH,1,REVERSE,241660903,241683061,2271,es_20200422173151826312,geneInfo_gene_2271
FOXP1,3,REVERSE,71003844,71633140,27086,es_20200422173219056318,geneInfo_gene_27086
FLT3,13,REVERSE,28577411,28674729,2322,es_20200422173208665514,geneInfo_gene_2322
FOXL2,3,REVERSE,138663066,138665982,668,es_20200422173214443198,geneInfo_gene_668
FOXP3,HG1436_HG1432_PATCH,REVERSE,49109835,49124225,50943,es_20200422173224658810,geneInfo_gene_50943
FOXA1,14,REVERSE,38059189,38069245,3169,es_20200422173212773451,geneInfo_gene_3169
GAS6,13,REVERSE,114523522,114567046,2621,es_20200422173236665901,geneInfo_gene_2621
FLT1,13,REVERSE,28874489,29069265,2321,es_20200422173205871770,geneInfo_gene_2321
FOXO1,13,REVERSE,41129804,41240734,2308,es_20200422173216938027,geneInfo_gene_2308
FUBP1,1,REVERSE,78409740,78444794,8880,es_20200422173230310349,geneInfo_gene_8880
GABRA6,5,FORWARD,160974069,161129599,2559,es_20200422173234228920,geneInfo_gene_2559
GATA1,HG1436_HG1432_PATCH,FORWARD,48645953,48653708,2623,es_20200422173238363663,geneInfo_gene_2623
GATA2,3,REVERSE,128198270,128212028,2624,es_20200422173240763891,geneInfo_gene_2624
GEN1,2,FORWARD,17935125,17966632,348654,es_20200422173255358657,geneInfo_gene_348654
GATA4,8,FORWARD,11534468,11617511,2626,es_20200422173244477142,geneInfo_gene_2626
FYN,6,REVERSE,111981535,112194655,2534,es_20200422173232805219,geneInfo_gene_2534
GATA3,10,FORWARD,8095567,8117161,2625,es_20200422173242735612,geneInfo_gene_2625
GNA13,17,REVERSE,63006833,63052957,10672,es_20200422173311435230,geneInfo_gene_10672
GID4,17,FORWARD,17942606,17971718,79018,es_20200422173300879089,geneInfo_gene_79018
GRM3,7,FORWARD,86273230,86494200,2913,es_20200422173333921076,geneInfo_gene_2913
GATA6,18,FORWARD,19749404,19782491,2627,es_20200422173249470352,geneInfo_gene_2627
GLI1,12,FORWARD,57853918,57866045,2735,es_20200422173304164277,geneInfo_gene_2735
GNA11,19,FORWARD,3094408,3124002,2767,es_20200422173309504738,geneInfo_gene_2767
ADGRA2,8,FORWARD,37641709,37702414,25960,es_20200422173320337453,geneInfo_gene_25960
GPS2,17,REVERSE,7214643,7218883,2874,es_20200422173323255129,geneInfo_gene_2874
H3-3A,1,FORWARD,226249552,226259702,3020,es_20200422173343782805,geneInfo_gene_3020
GNAQ,9,REVERSE,80331003,80646374,2776,es_20200422173315825378,geneInfo_gene_2776
GNAS,20,FORWARD,57414773,57486247,2778,es_20200422173318540979,geneInfo_gene_2778
GRIN2A,16,REVERSE,9852376,10276611,2903,es_20200422173330985717,geneInfo_gene_2903
GREM1,15,FORWARD,33010175,33026870,26585,es_20200422173328021518,geneInfo_gene_26585
H3-5,12,REVERSE,31944123,31945175,440093,es_20200422173348720445,geneInfo_gene_440093
GZMB,14,REVERSE,25100160,25103473,3002,es_20200422173341120902,geneInfo_gene_3002
GSK3B,3,REVERSE,119540170,119813264,2932,es_20200422173336757082,geneInfo_gene_2932
HGF,7,REVERSE,81328322,81399754,3082,es_20200422173358090339,geneInfo_gene_3082
H3C2,6,FORWARD,26020718,26021186,8358,es_20200422173406683364,geneInfo_gene_8358
H3C10,6,FORWARD,26020718,26021186,8357,es_20200422173419376005,geneInfo_gene_8357
IDH1,2,REVERSE,209100951,209130798,3417,es_20200422173526227099,geneInfo_gene_3417
H1-2,6,REVERSE,26055968,26056699,3006,es_20200422173359646905,geneInfo_gene_3006
H3C6,6,FORWARD,26020718,26021186,8353,es_20200422173409632627,geneInfo_gene_8353
HAVCR2,5,REVERSE,156512843,156569880,84868,es_20200422173350809481,geneInfo_gene_84868
H3C11,6,FORWARD,26020718,26021186,8354,es_20200422173422405237,geneInfo_gene_8354
HNF1A,12,FORWARD,121416346,121440315,6927,es_20200422173457591328,geneInfo_gene_6927
H3C1,6,FORWARD,26020718,26021186,8350,es_20200422173404122250,geneInfo_gene_8350
H2BC5,6,FORWARD,26158349,26171577,3017,es_20200422173401499291,geneInfo_gene_3017
H3C14,1,REVERSE,149784826,149785236,126961,es_20200422173430506739,geneInfo_gene_126961
H3-4,1,REVERSE,228612546,228613026,8290,es_20200422173435561022,geneInfo_gene_8290
H3C12,6,FORWARD,26020718,26021186,8356,es_20200422173425386361,geneInfo_gene_8356
HNRNPK,9,REVERSE,86582998,86595569,3190,es_20200422173501056847,geneInfo_gene_3190
H3C8,6,FORWARD,26020718,26021186,8355,es_20200422173416147666,geneInfo_gene_8355
H3C13,1,REVERSE,149784826,149785236,653604,es_20200422173433381193,geneInfo_gene_653604
HOXB13,17,REVERSE,46802125,46806540,10481,es_20200422173503198058,geneInfo_gene_10481
H3C15,1,REVERSE,149784826,149785236,333932,es_20200422173427833692,geneInfo_gene_333932
HLA-A,6,FORWARD,29909037,29913661,3105,es_20200422173439599736,geneInfo_gene_3105
HRAS,11,REVERSE,532242,537287,3265,es_20200422173506889911,geneInfo_gene_3265
HSP90AA1,14,REVERSE,102547075,102606036,3320,es_20200422173513382266,geneInfo_gene_3320
ICOSLG,21,REVERSE,45642874,45660849,23308,es_20200422173521516399,geneInfo_gene_23308
HSD3B1,1,FORWARD,120049821,120057681,3283,es_20200422173510271776,geneInfo_gene_3283
IFITM3,11,REVERSE,319669,327537,10410,es_20200422173536864952,geneInfo_gene_10410
ICOS,2,FORWARD,204801471,204826300,29851,es_20200422173519292048,geneInfo_gene_29851
IKZF1,7,FORWARD,50343720,50472799,10320,es_20200422173557672453,geneInfo_gene_10320
ID3,1,REVERSE,23884409,23886285,3399,es_20200422173523087029,geneInfo_gene_3399
IDO1,8,FORWARD,39759794,39785963,3620,es_20200422173530711678,geneInfo_gene_3620
IDH2,15,REVERSE,90626277,90645736,3418,es_20200422173528854794,geneInfo_gene_3418
IFNG,12,REVERSE,68548548,68553527,3458,es_20200422173539129565,geneInfo_gene_3458
IGF1R,15,FORWARD,99192200,99507759,3480,es_20200422173550464641,geneInfo_gene_3480
IGF1,12,REVERSE,102789645,102874423,3479,es_20200422173544462131,geneInfo_gene_3479
IFITM1,11,FORWARD,313506,315272,8519,es_20200422173534795944,geneInfo_gene_8519
IL10,1,REVERSE,206940947,206945839,3586,es_20200422173601159995,geneInfo_gene_3586
IL7R,5,FORWARD,35852797,35879705,3575,es_20200422173611075108,geneInfo_gene_3575
INSR,19,REVERSE,7112266,7294045,3643,es_20200422173624531036,geneInfo_gene_3643
IFNGR1,6,REVERSE,137518621,137540586,3459,es_20200422173541396096,geneInfo_gene_3459
IL1B,2,REVERSE,113587328,113594480,3553,es_20200422173605295575,geneInfo_gene_3553
INHBA,7,REVERSE,41724712,41742706,3624,es_20200422173614459108,geneInfo_gene_3624
IGF2,11,REVERSE,2150342,2170833,3481,es_20200422173553210890,geneInfo_gene_3481
IKBKE,1,FORWARD,206643791,206670223,9641,es_20200422173555789532,geneInfo_gene_9641
INPP4A,2,FORWARD,99061317,99210853,3631,es_20200422173616088475,geneInfo_gene_3631
IL6,7,FORWARD,22765503,22771621,3569,es_20200422173608404049,geneInfo_gene_3569
NFE2L2,2,REVERSE,178092323,178257425,4780,es_20200422174052732562,geneInfo_gene_4780
INHA,2,FORWARD,220433884,220440435,3623,es_20200422173612536153,geneInfo_gene_3623
INPP4B,4,REVERSE,142944313,143768585,8821,es_20200422173620074584,geneInfo_gene_8821
IRF4,6,FORWARD,391739,411447,3662,es_20200422173630684732,geneInfo_gene_3662
KLHL6,3,REVERSE,183205319,183273477,89857,es_20200422173724816392,geneInfo_gene_89857
IRF2,4,REVERSE,185308867,185395734,3660,es_20200422173627918036,geneInfo_gene_3660
IRS2,13,REVERSE,110406184,110438915,8660,es_20200422173634639430,geneInfo_gene_8660
JAK2,9,FORWARD,4985033,5128183,3717,es_20200422173640448778,geneInfo_gene_3717
IRS1,2,REVERSE,227596033,227664475,3667,es_20200422173632822891,geneInfo_gene_3667
JAK1,1,REVERSE,65298912,65432187,3716,es_20200422173636741018,geneInfo_gene_3716
JAK3,19,REVERSE,17935589,17958880,3718,es_20200422173644292860,geneInfo_gene_3718
KDM6A,X,FORWARD,44732757,44971847,7403,es_20200422173659152318,geneInfo_gene_7403
KAT6A,8,REVERSE,41786997,41909508,7994,es_20200422173650804527,geneInfo_gene_7994
KEL,7,REVERSE,142638201,142659768,3792,es_20200422173715098807,geneInfo_gene_3792
KDM5A,12,REVERSE,389295,498620,5927,es_20200422173653019776,geneInfo_gene_5927
JUN,1,REVERSE,59246465,59249785,3725,es_20200422173646776343,geneInfo_gene_3725
KIF5B,10,REVERSE,32297938,32345359,3799,es_20200422173717278343,geneInfo_gene_3799
KLF4,9,REVERSE,110247133,110252763,9314,es_20200422173723277554,geneInfo_gene_9314
KDR,4,REVERSE,55944644,55991756,3791,es_20200422173704248111,geneInfo_gene_3791
KEAP1,19,REVERSE,10596796,10614417,9817,es_20200422173706630784,geneInfo_gene_9817
KMT2C,7,REVERSE,151832010,152133090,58508,es_20200422173731899789,geneInfo_gene_58508
LATS1,6,REVERSE,149979289,150039392,9113,es_20200422173751615937,geneInfo_gene_9113
KLRD1,12,FORWARD,10378657,10469850,3824,es_20200422173727039730,geneInfo_gene_3824
KNSTRN,15,FORWARD,40674922,40686447,90417,es_20200422173737428931,geneInfo_gene_90417
KMT2B,19,FORWARD,36208921,36229779,9757,es_20200422173728975697,geneInfo_gene_9757
KIT,4,FORWARD,55524085,55606881,3815,es_20200422173720745373,geneInfo_gene_3815
LYN,8,FORWARD,56792372,56923940,4067,es_20200422173800932241,geneInfo_gene_4067
MAP2K2,19,REVERSE,4090319,4124126,5605,es_20200422173816185738,geneInfo_gene_5605
KMT2D,12,REVERSE,49412758,49453557,8085,es_20200422173735531421,geneInfo_gene_8085
LAG3,12,FORWARD,6881678,6887621,3902,es_20200422173746684518,geneInfo_gene_3902
LAMP1,13,FORWARD,113951556,113977987,3916,es_20200422173748969025,geneInfo_gene_3916
LMO1,11,REVERSE,8245851,8290263,4004,es_20200422173755968733,geneInfo_gene_4004
KRAS,12,REVERSE,25357723,25403870,3845,es_20200422173742535375,geneInfo_gene_3845
MALT1,18,FORWARD,56338618,56417371,10892,es_20200422173811789210,geneInfo_gene_10892
MDM4,1,FORWARD,204485511,204542871,4194,es_20200422173852349370,geneInfo_gene_4194
LATS2,13,REVERSE,21547171,21635686,26524,es_20200422173754390281,geneInfo_gene_26524
LZTR1,22,FORWARD,21333751,21353327,8216,es_20200422173802777970,geneInfo_gene_8216
LRP1B,2,REVERSE,140988992,142889270,53353,es_20200422173758716102,geneInfo_gene_53353
MAGI2,7,REVERSE,77646393,79082890,9863,es_20200422173806596200,geneInfo_gene_9863
MAP2K1,15,FORWARD,66679155,66784650,5604,es_20200422173814014645,geneInfo_gene_5604
MAP3K1,5,FORWARD,56111401,56191979,4214,es_20200422173821038098,geneInfo_gene_4214
MAP2K4,17,FORWARD,11924141,12047147,6416,es_20200422173818847871,geneInfo_gene_6416
MAPK1,22,REVERSE,22108789,22221970,5594,es_20200422173828799945,geneInfo_gene_5594
MCL1,1,REVERSE,150547032,150552066,4170,es_20200422173837200289,geneInfo_gene_4170
MEF2B,19,REVERSE,19256377,19303400,100271849,es_20200422173855967588,geneInfo_gene_100271849
MAGOH,1,REVERSE,53692564,53704282,4116,es_20200422173808242255,geneInfo_gene_4116
MAP3K4,6,FORWARD,161412759,161538417,4216,es_20200422173825176529,geneInfo_gene_4216
MAPK3,16,REVERSE,30125426,30134827,5595,es_20200422173831581893,geneInfo_gene_5595
MDC1,6,REVERSE,30667584,30685666,9656,es_20200422173839384260,geneInfo_gene_9656
MAX,14,REVERSE,65472892,65569413,4149,es_20200422173834618401,geneInfo_gene_4149
MET,7,FORWARD,116312444,116438440,4233,es_20200422173902363756,geneInfo_gene_4233
MAP3K13,3,FORWARD,185000729,185206885,9175,es_20200422173823165790,geneInfo_gene_9175
MDM2,12,FORWARD,69201956,69239214,4193,es_20200422173843126363,geneInfo_gene_4193
MED12,X,FORWARD,70338406,70362303,9968,es_20200422173854548008,geneInfo_gene_9968
MGA,15,FORWARD,41913422,42062141,23269,es_20200422173904813753,geneInfo_gene_23269
MITF,3,FORWARD,69788586,70017488,4286,es_20200422173907194492,geneInfo_gene_4286
MTOR,1,REVERSE,11166592,11322564,2475,es_20200422173951272696,geneInfo_gene_2475
MEN1,11,REVERSE,64570982,64578766,4221,es_20200422173858514636,geneInfo_gene_4221
KMT2A,11,FORWARD,118307205,118397539,4297,es_20200422173914013885,geneInfo_gene_4297
MPL,1,FORWARD,43803478,43818443,4352,es_20200422173924788161,geneInfo_gene_4352
MSH3,5,FORWARD,79950467,80172279,4437,es_20200422173941755750,geneInfo_gene_4437
MYCL,1,REVERSE,40361098,40367928,4610,es_20200422174018250795,geneInfo_gene_4610
MYD88,3,FORWARD,38179969,38184513,4615,es_20200422174022741515,geneInfo_gene_4615
MLH1,3,FORWARD,37034823,37107380,4292,es_20200422173910571548,geneInfo_gene_4292
MSH2,2,FORWARD,47630108,47789450,4436,es_20200422173939369718,geneInfo_gene_4436
MLLT3,9,REVERSE,20341663,20622542,4300,es_20200422173918613221,geneInfo_gene_4300
MS4A1,11,FORWARD,60223225,60238233,931,es_20200422173935312806,geneInfo_gene_931
MSH6,2,FORWARD,47922669,48037240,2956,es_20200422173944238058,geneInfo_gene_2956
MRE11,11,REVERSE,94152895,94227074,4361,es_20200422173927017570,geneInfo_gene_4361
MST1R,3,REVERSE,49924435,49941299,4486,es_20200422173948404411,geneInfo_gene_4486
MUTYH,1,REVERSE,45794835,45806142,4595,es_20200422174007073304,geneInfo_gene_4595
MST1,3,REVERSE,49721380,49726934,4485,es_20200422173946199935,geneInfo_gene_4485
MYC,8,FORWARD,128747680,128753674,4609,es_20200422174014354186,geneInfo_gene_4609
MYB,6,FORWARD,135502453,135540311,4602,es_20200422174011914352,geneInfo_gene_4602
NBN,8,REVERSE,90945564,91015456,4683,es_20200422174040123087,geneInfo_gene_4683
MX1,21,FORWARD,42792231,42831141,4599,es_20200422174009850996,geneInfo_gene_4599
NAB2,12,FORWARD,57482677,57489259,4665,es_20200422174037618615,geneInfo_gene_4665
MYCN,2,FORWARD,16080686,16087129,4613,es_20200422174020190371,geneInfo_gene_4613
MYO18A,17,REVERSE,27400528,27507430,399687,es_20200422174029408314,geneInfo_gene_399687
MYCL,1,REVERSE,40361098,40367928,4610,es_20200422174018250795,geneInfo_gene_4610
NCOR1,17,REVERSE,15932471,16121499,9611,es_20200422174043960363,geneInfo_gene_9611
NF2,22,FORWARD,29999545,30094587,4771,es_20200422174050668484,geneInfo_gene_4771
MYOD1,11,FORWARD,17741115,17743678,4654,es_20200422174035788565,geneInfo_gene_4654
NKX3-1,8,REVERSE,23536206,23540440,4824,es_20200422174104461401,geneInfo_gene_4824
NEGR1,1,REVERSE,71861623,72748417,257194,es_20200422174046039421,geneInfo_gene_257194
NCOA3,20,FORWARD,46130601,46285621,8202,es_20200422174041921056,geneInfo_gene_8202
NF1,17,FORWARD,29421945,29709134,4763,es_20200422174048596067,geneInfo_gene_4763
NKX2-1,14,REVERSE,36985602,36990354,7080,es_20200422174100477866,geneInfo_gene_7080
NOTCH3,19,REVERSE,15270444,15311792,4854,es_20200422174114813649,geneInfo_gene_4854
PNRC1,6,FORWARD,89790470,89794879,10957,es_20200422174335324392,geneInfo_gene_10957
PREX2,8,FORWARD,68864353,69149265,80243,es_20200422174409895400,geneInfo_gene_80243
NKX2-8,14,REVERSE,37049784,37051812,26257,es_20200422174101891674,geneInfo_gene_26257
NOTCH4,6,REVERSE,32162620,32191844,4855,es_20200422174117027353,geneInfo_gene_4855
NFKBIA,14,REVERSE,35870717,35873955,4792,es_20200422174058096694,geneInfo_gene_4792
NOTCH2,1,REVERSE,120454176,120612240,4853,es_20200422174109863402,geneInfo_gene_4853
NOTCH1,9,REVERSE,139388896,139440314,4851,es_20200422174107695781,geneInfo_gene_4851
NRG1,8,FORWARD,31496902,32622548,3084,es_20200422174125927504,geneInfo_gene_3084
NRAS,1,REVERSE,115247090,115259515,4893,es_20200422174123759332,geneInfo_gene_4893
NPM1,5,FORWARD,170814120,170838141,4869,es_20200422174120007275,geneInfo_gene_4869
PDCD1,2,REVERSE,242792033,242801060,5133,es_20200422174236030799,geneInfo_gene_5133
NTRK2,9,FORWARD,87283466,87638505,4915,es_20200422174135485978,geneInfo_gene_4915
NTRK3,15,REVERSE,88418230,88799999,4916,es_20200422174137665406,geneInfo_gene_4916
PAK3,X,FORWARD,110187513,110470589,5063,es_20200422174148069840,geneInfo_gene_5063
NSD1,5,FORWARD,176560026,176727216,64324,es_20200422174128436292,geneInfo_gene_64324
NUP93,16,FORWARD,56764017,56878797,9688,es_20200422174139893475,geneInfo_gene_9688
NTRK1,1,FORWARD,156785432,156851642,4914,es_20200422174130446287,geneInfo_gene_4914
NUTM1,15,FORWARD,34635516,34649938,256646,es_20200422174142754770,geneInfo_gene_256646
PAX5,9,REVERSE,36833272,37034103,5079,es_20200422174226553743,geneInfo_gene_5079
PRKN,6,REVERSE,161768452,163148803,5071,es_20200422174159285808,geneInfo_gene_5071
PAK1,11,REVERSE,77032752,77185680,5058,es_20200422174144625249,geneInfo_gene_5058
PAX3,2,REVERSE,223064607,223163715,5077,es_20200422174223424862,geneInfo_gene_5077
PIK3CA,3,FORWARD,178865902,178957881,5290,es_20200422174303746615,geneInfo_gene_5290
PAK5,20,REVERSE,9518036,9819689,57144,es_20200422174149904204,geneInfo_gene_57144
PALB2,16,REVERSE,23614488,23652631,79728,es_20200422174152027370,geneInfo_gene_79728
PARP1,1,REVERSE,226548392,226595780,142,es_20200422174214231524,geneInfo_gene_142
PAX7,1,FORWARD,18957500,19075360,5081,es_20200422174228656543,geneInfo_gene_5081
PBRM1,3,REVERSE,52579368,52719933,55193,es_20200422174233191404,geneInfo_gene_55193
PAX8,2,REVERSE,113973574,114036527,7849,es_20200422174230240144,geneInfo_gene_7849
PDCD1LG2,9,FORWARD,5510545,5571282,80380,es_20200422174238550980,geneInfo_gene_80380
PDGFRB,5,REVERSE,149493400,149535435,5159,es_20200422174243741552,geneInfo_gene_5159
PHOX2B,4,REVERSE,41746099,41750987,8929,es_20200422174254383971,geneInfo_gene_8929
PDPK1,16,FORWARD,2587965,2653189,5170,es_20200422174248353540,geneInfo_gene_5170
PIK3C2B,1,REVERSE,204391756,204463852,5287,es_20200422174256004536,geneInfo_gene_5287
PHF6,X,FORWARD,133507283,133562820,84295,es_20200422174252173275,geneInfo_gene_84295
PIK3CB,3,REVERSE,138372860,138553780,5291,es_20200422174306066485,geneInfo_gene_5291
PDGFRA,4,FORWARD,55095264,55164414,5156,es_20200422174241213710,geneInfo_gene_5156
PDK1,2,FORWARD,173420101,173489823,5163,es_20200422174246104352,geneInfo_gene_5163
PIK3C2G,12,FORWARD,18400548,18801348,5288,es_20200422174258256173,geneInfo_gene_5288
PGR,11,REVERSE,100900355,101001255,5241,es_20200422174250740060,geneInfo_gene_5241
PIK3C3,18,FORWARD,39535171,39667794,5289,es_20200422174259817399,geneInfo_gene_5289
PIK3CG,7,FORWARD,106505723,106547590,5294,es_20200422174309827487,geneInfo_gene_5294
SDHAF2,11,FORWARD,61197514,61215001,54949,es_20200422174650268102,geneInfo_gene_54949
PIM1,6,FORWARD,37137979,37143202,5292,es_20200422174322341337,geneInfo_gene_5292
PMS1,2,FORWARD,190649107,190742355,5378,es_20200422174329297790,geneInfo_gene_5378
POLE,12,REVERSE,133200348,133263951,5426,es_20200422174345481258,geneInfo_gene_5426
PIK3CD,1,FORWARD,9711790,9789172,5293,es_20200422174307767219,geneInfo_gene_5293
PIK3R2,19,FORWARD,18263928,18281350,5296,es_20200422174316781140,geneInfo_gene_5296
PIK3R1,5,FORWARD,67511548,67597649,5295,es_20200422174312429237,geneInfo_gene_5295
PIK3R3,1,REVERSE,46505812,46642160,8503,es_20200422174319620919,geneInfo_gene_8503
PMAIP1,18,FORWARD,57567180,57571538,5366,es_20200422174327472824,geneInfo_gene_5366
PLCG2,16,FORWARD,81772702,81991899,5336,es_20200422174324277642,geneInfo_gene_5336
PMS2,7,REVERSE,6012870,6048756,5395,es_20200422174331363514,geneInfo_gene_5395
PLK2,5,REVERSE,57749809,57756087,10769,es_20200422174325754693,geneInfo_gene_10769
PNP,14,FORWARD,20937113,20945253,4860,es_20200422174333808972,geneInfo_gene_4860
PPP2R1A,19,FORWARD,52693292,52730687,5518,es_20200422174356776068,geneInfo_gene_5518
PPP6C,9,REVERSE,127908852,127952218,5537,es_20200422174402711414,geneInfo_gene_5537
POLD1,19,FORWARD,50887461,50921273,5424,es_20200422174337480883,geneInfo_gene_5424
PRKAR1A,17,FORWARD,66507921,66547460,5573,es_20200422174411781790,geneInfo_gene_5573
PTPRD,9,REVERSE,8314246,10612723,5789,es_20200422174438619395,geneInfo_gene_5789
PPM1D,17,FORWARD,58677544,58741849,8493,es_20200422174352173045,geneInfo_gene_8493
PPARG,3,FORWARD,12328867,12475855,5468,es_20200422174349940933,geneInfo_gene_5468
PPP2R2A,8,FORWARD,26149007,26230196,5520,es_20200422174359821489,geneInfo_gene_5520
PRKCI,3,FORWARD,169940153,170023769,5584,es_20200422174414423955,geneInfo_gene_5584
PRKDC,8,REVERSE,48685669,48872743,5591,es_20200422174416805324,geneInfo_gene_5591
PRDM1,6,FORWARD,106534195,106557814,639,es_20200422174407510233,geneInfo_gene_639
PTPN11,12,FORWARD,112856155,112947717,5781,es_20200422174435238392,geneInfo_gene_5781
PRSS8,16,REVERSE,31142756,31147083,5652,es_20200422174426091935,geneInfo_gene_5652
PTPRT,20,REVERSE,40701392,41818610,11122,es_20200422174445759223,geneInfo_gene_11122
PTCH1,9,REVERSE,98205262,98279339,5727,es_20200422174428886467,geneInfo_gene_5727
RARA,17,FORWARD,38465444,38513094,5914,es_20200422174530767154,geneInfo_gene_5914
RAC1,7,FORWARD,6414154,6443608,5879,es_20200422174454739198,geneInfo_gene_5879
PTEN,10,FORWARD,89622870,89731687,5728,es_20200422174432035606,geneInfo_gene_5728
QKI,6,FORWARD,163835032,163999628,9444,es_20200422174449283385,geneInfo_gene_9444
RAD21,8,REVERSE,117858174,117887105,5885,es_20200422174457975760,geneInfo_gene_5885
PTPRS,19,REVERSE,5158506,5340814,5802,es_20200422174441884665,geneInfo_gene_5802
RB1,13,FORWARD,48877887,49056122,5925,es_20200422174538599777,geneInfo_gene_5925
RPS6KA4,11,FORWARD,64126620,64139687,8986,es_20200422174615077726,geneInfo_gene_8986
RAD52,12,REVERSE,1021243,1099219,5893,es_20200422174514876013,geneInfo_gene_5893
RASA1,5,FORWARD,86563705,86687748,5921,es_20200422174534657002,geneInfo_gene_5921
RAB35,12,REVERSE,120532899,120555306,11021,es_20200422174452091634,geneInfo_gene_11021
RAD50,5,FORWARD,131891711,131980313,10111,es_20200422174501116846,geneInfo_gene_10111
RAD51C,17,FORWARD,56769934,56811703,5889,es_20200422174510796503,geneInfo_gene_5889
RAD51,15,FORWARD,40986972,41024354,5888,es_20200422174505061940,geneInfo_gene_5888
RAD51B,14,FORWARD,68286496,69196935,5890,es_20200422174508183597,geneInfo_gene_5890
RAD51D,17,REVERSE,33426811,33448541,5892,es_20200422174512651326,geneInfo_gene_5892
RAF1,3,REVERSE,12625100,12705725,5894,es_20200422174519864084,geneInfo_gene_5894
RAD54L,1,FORWARD,46713360,46744145,8438,es_20200422174516226010,geneInfo_gene_8438
RECQL4,8,REVERSE,145736667,145743229,9401,es_20200422174544230358,geneInfo_gene_9401
RANBP2,2,FORWARD,109335937,109402267,5903,es_20200422174523181809,geneInfo_gene_5903
RIT1,1,REVERSE,155867599,155881195,6016,es_20200422174607370654,geneInfo_gene_6016
RUNX1,21,REVERSE,36160098,37376965,861,es_20200422174631744979,geneInfo_gene_861
RBM10,HG29_PATCH,FORWARD,47004304,47046248,8241,es_20200422174540827215,geneInfo_gene_8241
REL,2,FORWARD,61108656,61158745,5966,es_20200422174546121125,geneInfo_gene_5966
RHOA,3,REVERSE,49396578,49450431,387,es_20200422174557488348,geneInfo_gene_387
RET,10,FORWARD,43572475,43625799,5979,es_20200422174549430680,geneInfo_gene_5979
RHEB,7,REVERSE,151163098,151217206,6009,es_20200422174555081355,geneInfo_gene_6009
ROS1,6,REVERSE,117609463,117747018,6098,es_20200422174613370713,geneInfo_gene_6098
COP1,1,REVERSE,175913967,176176629,64326,es_20200422174553076964,geneInfo_gene_64326
RICTOR,5,REVERSE,38938021,39074510,253260,es_20200422174605118334,geneInfo_gene_253260
RNF43,17,REVERSE,56429861,56494956,54894,es_20200422174609601184,geneInfo_gene_54894
RPS6KB1,17,FORWARD,57970447,58027925,6198,es_20200422174617182162,geneInfo_gene_6198
RPS6KB2,11,FORWARD,67195931,67202872,6199,es_20200422174626483147,geneInfo_gene_6199
RPTOR,17,FORWARD,78518619,78940171,57521,es_20200422174629013435,geneInfo_gene_57521
RYBP,3,REVERSE,72420976,72496069,23429,es_20200422174641917189,geneInfo_gene_23429
SDHA,5,FORWARD,218356,256815,6389,es_20200422174647309729,geneInfo_gene_6389
SMAD4,18,FORWARD,48494410,48611415,4089,es_20200422174733679232,geneInfo_gene_4089
SDHB,1,REVERSE,17345217,17380665,6390,es_20200422174652147897,geneInfo_gene_6390
SH2B3,12,FORWARD,111843752,111889427,10019,es_20200422174715053415,geneInfo_gene_10019
SDHD,11,FORWARD,111957497,111990353,6392,es_20200422174657365908,geneInfo_gene_6392
SETD2,3,REVERSE,47057919,47205457,29072,es_20200422174702297311,geneInfo_gene_29072
RUNX1T1,8,REVERSE,92967203,93115514,862,es_20200422174636656463,geneInfo_gene_862
SDHC,1,FORWARD,161284047,161332984,6391,es_20200422174654270509,geneInfo_gene_6391
SETBP1,18,FORWARD,42260138,42648475,26040,es_20200422174659551135,geneInfo_gene_26040
SH2D1A,X,FORWARD,123480194,123507005,4068,es_20200422174717410802,geneInfo_gene_4068
SMARCA4,19,FORWARD,11071598,11176071,6597,es_20200422174736348850,geneInfo_gene_6597
SNCAIP,5,FORWARD,121647049,121799914,9627,es_20200422174753885216,geneInfo_gene_9627
SF3B1,2,REVERSE,198254508,198299815,23451,es_20200422174711345389,geneInfo_gene_23451
SHQ1,3,REVERSE,72798428,72911065,55164,es_20200422174720053378,geneInfo_gene_55164
SLX4,16,REVERSE,3631182,3661599,84464,es_20200422174725558275,geneInfo_gene_84464
SLIT2,4,FORWARD,20254883,20622184,9353,es_20200422174722526799,geneInfo_gene_9353
SMAD3,15,FORWARD,67356101,67487533,4088,es_20200422174731333881,geneInfo_gene_4088
SMARCB1,22,FORWARD,24129150,24176703,6598,es_20200422174739312740,geneInfo_gene_6598
SMAD2,18,REVERSE,45357922,45457515,4087,es_20200422174728628182,geneInfo_gene_4087
SMC1A,HG1433_PATCH,REVERSE,53117149,53165728,8243,es_20200422174746453293,geneInfo_gene_8243
SOX17,8,FORWARD,55370495,55373448,64321,es_20200422174802264591,geneInfo_gene_64321
SMARCD1,12,FORWARD,50478755,50494495,6602,es_20200422174742467915,geneInfo_gene_6602
SMO,7,FORWARD,128828713,128853386,6608,es_20200422174751549251,geneInfo_gene_6608
SOX2,3,FORWARD,181429714,181432221,6657,es_20200422174804152905,geneInfo_gene_6657
SRSF2,17,REVERSE,74730197,74733456,6427,es_20200422174825384514,geneInfo_gene_6427
STAT3,17,REVERSE,40465342,40540586,6774,es_20200422174836984449,geneInfo_gene_6774
STAG1,3,REVERSE,136055077,136471220,10274,es_20200422174826952649,geneInfo_gene_10274
STAT1,2,REVERSE,191829084,191885686,6772,es_20200422174833205614,geneInfo_gene_6772
SOCS1,16,REVERSE,11348262,11350036,8651,es_20200422174756766580,geneInfo_gene_8651
SPEN,1,FORWARD,16174359,16266955,23013,es_20200422174809887497,geneInfo_gene_23013
STAT4,2,REVERSE,191894302,192016322,6775,es_20200422174845439595,geneInfo_gene_6775
SPOP,17,REVERSE,47676246,47755596,8405,es_20200422174812633947,geneInfo_gene_8405
STAG2,X,FORWARD,123094062,123556514,10735,es_20200422174829982627,geneInfo_gene_10735
SYK,9,FORWARD,93564069,93660831,6850,es_20200422174909654222,geneInfo_gene_6850
SOX9,17,FORWARD,70117161,70122561,6662,es_20200422174807116058,geneInfo_gene_6662
SRC,20,FORWARD,35973088,36034453,6714,es_20200422174817827346,geneInfo_gene_6714
SPTA1,1,REVERSE,158580496,158656488,6708,es_20200422174815095839,geneInfo_gene_6708
TAF1,X,FORWARD,70586114,70752224,6872,es_20200422174912497237,geneInfo_gene_6872
STAT5A,17,FORWARD,40439565,40463961,6776,es_20200422174848555395,geneInfo_gene_6776
STAT5B,17,REVERSE,40351186,40428725,6777,es_20200422174850530273,geneInfo_gene_6777
STK40,1,REVERSE,36805225,36851497,83931,es_20200422174855260727,geneInfo_gene_83931
SUZ12,17,FORWARD,30264037,30328064,23512,es_20200422174906024354,geneInfo_gene_23512
SUFU,10,FORWARD,104263744,104393292,51684,es_20200422174858089184,geneInfo_gene_51684
STK11,19,FORWARD,1189406,1228428,6794,es_20200422174853219052,geneInfo_gene_6794
TCF3,19,REVERSE,1609291,1652604,6929,es_20200422174925149659,geneInfo_gene_6929
TET1,10,FORWARD,70320413,70454239,80312,es_20200422174934903892,geneInfo_gene_80312
TBX21,17,FORWARD,45810610,45823485,30009,es_20200422174917994128,geneInfo_gene_30009
TERC,3,REVERSE,169482308,169482848,7012,es_20200422174929434655,geneInfo_gene_7012
TGFB1,19,REVERSE,41807492,41859816,7040,es_20200422174947462668,geneInfo_gene_7040
TCF7L2,10,FORWARD,114710009,114927437,6934,es_20200422174928633448,geneInfo_gene_6934
TBX3,12,REVERSE,115108059,115121969,6926,es_20200422174921416106,geneInfo_gene_6926
ELOC,8,REVERSE,74851404,74884522,6921,es_20200422174923077777,geneInfo_gene_6921
TET2,4,FORWARD,106067032,106200973,54790,es_20200422174938984432,geneInfo_gene_54790
TMEM127,2,REVERSE,96914254,96931732,55654,es_20200422174956356022,geneInfo_gene_55654
TERT,5,REVERSE,1253262,1295184,7015,es_20200422174932628972,geneInfo_gene_7015
TFRC,3,REVERSE,195754054,195809060,7037,es_20200422174944159447,geneInfo_gene_7037
TGFBR1,9,FORWARD,101866320,101916474,7046,es_20200422174949958679,geneInfo_gene_7046
TFE3,HG1436_HG1432_PATCH,REVERSE,48888130,48902885,7030,es_20200422174940770684,geneInfo_gene_7030
TNFRSF14,1,FORWARD,2487078,2496821,8764,es_20200422175008805425,geneInfo_gene_8764
TIAF1,17,REVERSE,27400537,27418537,9220,es_20200422174954328490,geneInfo_gene_9220
TNFAIP3,6,FORWARD,138188351,138204449,7128,es_20200422175007143884,geneInfo_gene_7128
TNF,6,FORWARD,31543344,31546113,7124,es_20200422175003052878,geneInfo_gene_7124
TNFRSF18,1,REVERSE,1138888,1142071,8784,es_20200422175011868946,geneInfo_gene_8784
TSHR,14,FORWARD,81421333,81612646,7253,es_20200422175051269146,geneInfo_gene_7253
TGFBR2,3,FORWARD,30647994,30735634,7048,es_20200422174952160845,geneInfo_gene_7048
TMPRSS2,21,REVERSE,42836478,42903043,7113,es_20200422174958779981,geneInfo_gene_7113
TNFRSF9,1,REVERSE,7979907,8000926,3604,es_20200422175015449162,geneInfo_gene_3604
TP53,17,REVERSE,7565097,7590856,7157,es_20200422175029793689,geneInfo_gene_7157
TNFSF4,1,REVERSE,173152873,173176452,7292,es_20200422175018320620,geneInfo_gene_7292
TP63,3,FORWARD,189349205,189615068,8626,es_20200422175033168580,geneInfo_gene_8626
VTCN1,1,REVERSE,117686209,117753556,79679,es_20200422175101899834,geneInfo_gene_79679
TOP1,20,FORWARD,39657458,39753127,7150,es_20200422175020380221,geneInfo_gene_7150
TNFRSF4,1,REVERSE,1146706,1149518,7293,es_20200422175013390262,geneInfo_gene_7293
TOP2A,17,REVERSE,38544768,38574202,7153,es_20200422175024007706,geneInfo_gene_7153
TSC1,9,REVERSE,135766735,135820020,7248,es_20200422175042210377,geneInfo_gene_7248
TRAF7,16,FORWARD,2205699,2228130,84231,es_20200422175037682536,geneInfo_gene_84231
TRAF2,9,FORWARD,139776364,139821059,7186,es_20200422175035826524,geneInfo_gene_7186
XRCC2,7,REVERSE,152341864,152373250,7516,es_20200422175116245764,geneInfo_gene_7516
TSC2,16,FORWARD,2097466,2138716,7249,es_20200422175047322396,geneInfo_gene_7249
VEGFA,6,FORWARD,43737921,43754224,7422,es_20200422175056224641,geneInfo_gene_7422
U2AF1,21,REVERSE,44513066,44527697,7307,es_20200422175053665050,geneInfo_gene_7307
VHL,3,FORWARD,10182692,10193904,7428,es_20200422175059543515,geneInfo_gene_7428
XIAP,10,FORWARD,111440200,111440799,331,es_20200422175111270444,geneInfo_gene_331
ZBTB2,6,REVERSE,151685252,151712683,57621,es_20200422175127617974,geneInfo_gene_57621
YES1,18,REVERSE,721588,812547,7525,es_20200422175124988970,geneInfo_gene_7525
XPO1,2,REVERSE,61704984,61765761,7514,es_20200422175113853649,geneInfo_gene_7514
ZNF217,20,REVERSE,52183604,52226446,7764,es_20200422175139283993,geneInfo_gene_7764
CCN6,6,FORWARD,112375275,112392171,8838,es_20200422175103441499,geneInfo_gene_8838
WT1,11,REVERSE,32409321,32457176,7490,es_20200422175106692906,geneInfo_gene_7490
YAP1,11,FORWARD,101981192,102104154,10413,es_20200422175119689632,geneInfo_gene_10413
ZRSR2,X,FORWARD,15808595,15841383,8233,es_20200422175142800970,geneInfo_gene_8233
ZFHX3,16,REVERSE,72816784,73093597,463,es_20200422175135249804,geneInfo_gene_463
ZNF703,8,FORWARD,37553269,37557537,80139,es_20200422175141228166,geneInfo_gene_80139
ZBTB7A,19,REVERSE,4044362,4066943,51341,es_20200422175129333458,geneInfo_gene_51341
CTAG2,HG1497_PATCH,REVERSE,153820440,153822047,30848,es_20200422181528219647,geneInfo_gene_30848
CXCR2,2,FORWARD,218990012,219001976,3579,es_20200422181536451901,geneInfo_gene_3579
MAGEA3,HG1497_PATCH,FORWARD,151867224,151870818,4102,es_20200422181558968314,geneInfo_gene_4102
CTAG1B,HG1497_PATCH,FORWARD,153753611,153755284,1485,es_20200422181524048640,geneInfo_gene_1485
PVR,19,FORWARD,45147098,45166850,5817,es_20200422181614865409,geneInfo_gene_5817
MAGEA1,HG1497_PATCH,FORWARD,152347756,152352350,4100,es_20200422181555851945,geneInfo_gene_4100
MAGEA4,X,FORWARD,151080981,151093642,4103,es_20200422181601811053,geneInfo_gene_4103
NECTIN2,19,FORWARD,45349432,45392485,5819,es_20200422181608254422,geneInfo_gene_5819
SSX2,HG1433_PATCH,REVERSE,52439896,52450189,6757,es_20200422181617321957,geneInfo_gene_6757
TIGIT,3,FORWARD,113995760,114029135,201633,es_20200422181621997220,geneInfo_gene_201633
TLR8,X,FORWARD,12924739,12941288,51311,es_20200422181630133459,geneInfo_gene_51311
TLR9,3,REVERSE,52255096,52273183,54106,es_20200422181639256818,geneInfo_gene_54106
TTC6,14,FORWARD,38065052,38510647,319089,es_20200430155214233037,geneInfo_gene_319089
SYNE1,6,REVERSE,152442819,152958936,23345,es_20200430155446696137,geneInfo_gene_23345
