id,EditableStatement_graph_id,InternetReference_graph_id
,es_20200422172704578245,ref_geneInfo_gene_1399
,es_20200422172728509499,ref_geneInfo_gene_10664
,es_20200422172145346355,ref_geneInfo_gene_367
,es_20200422172201524545,ref_geneInfo_gene_171023
,es_20200430163420761511,ref_geneInfo_gene_3703
,es_20200422174749866282,ref_geneInfo_gene_9126
,es_20200422174759854405,ref_geneInfo_gene_6663
,es_20200422172543977553,ref_geneInfo_gene_974
,es_20200422172555342237,ref_geneInfo_gene_926
,es_20200422172555342237,ref_geneInfo_gene_926
,es_20200422181624808543,ref_geneInfo_gene_51284
,es_20200422172101224354,ref_geneInfo_gene_90
,es_20200422172111894446,ref_geneInfo_gene_207
,es_20200422172056623017,ref_geneInfo_gene_25
,es_20200422172059166233,ref_geneInfo_gene_27
,es_20200422172131093883,ref_geneInfo_gene_242
,es_20200422172103498939,ref_geneInfo_gene_91
,es_20200422172108446508,ref_geneInfo_gene_135
,es_20200422172129607442,ref_geneInfo_gene_238
,es_20200422172105978607,ref_geneInfo_gene_94
,es_20200422172136480613,ref_geneInfo_gene_22852
,es_20200422172133978609,ref_geneInfo_gene_29123
,es_20200422172125256448,ref_geneInfo_gene_208
,es_20200422172141997728,ref_geneInfo_gene_328
,es_20200422172156821363,ref_geneInfo_gene_196528
,es_20200422172127386490,ref_geneInfo_gene_10000
,es_20200422172321043678,ref_geneInfo_gene_613
,es_20200422172148041012,ref_geneInfo_gene_369
,es_20200422172152134990,ref_geneInfo_gene_8289
,es_20200422172139747920,ref_geneInfo_gene_324
,es_20200422172154210330,ref_geneInfo_gene_57492
,es_20200422172205386327,ref_geneInfo_gene_55252
,es_20200422172208014061,ref_geneInfo_gene_472
,es_20200422172149598447,ref_geneInfo_gene_10139
,es_20200422172239650357,ref_geneInfo_gene_558
,es_20200422172253885162,ref_geneInfo_gene_580
,es_20200422172159556945,ref_geneInfo_gene_84159
,es_20200422172224741379,ref_geneInfo_gene_6790
,es_20200422172216588375,ref_geneInfo_gene_23200
,es_20200422172244820192,ref_geneInfo_gene_8314
,es_20200422172232582288,ref_geneInfo_gene_8312
,es_20200422172221113086,ref_geneInfo_gene_546
,es_20200422172218754730,ref_geneInfo_gene_545
,es_20200422172236236668,ref_geneInfo_gene_8313
,es_20200422172437864739,ref_geneInfo_gene_595
,es_20200422172242472949,ref_geneInfo_gene_567
,es_20200422172228494571,ref_geneInfo_gene_9212
,es_20200422172256182406,ref_geneInfo_gene_27113
,es_20200422172259201090,ref_geneInfo_gene_8915
,es_20200422172325608299,ref_geneInfo_gene_329
,es_20200422172302324344,ref_geneInfo_gene_596
,es_20200422172313429221,ref_geneInfo_gene_607
,es_20200422172318539663,ref_geneInfo_gene_63035
,es_20200422172305355053,ref_geneInfo_gene_598
,es_20200422172311839335,ref_geneInfo_gene_604
,es_20200422172308001052,ref_geneInfo_gene_10018
,es_20200422172315556625,ref_geneInfo_gene_54880
,es_20200422172309847226,ref_geneInfo_gene_599
,es_20200422172327988584,ref_geneInfo_gene_330
,es_20200422172346234434,ref_geneInfo_gene_673
,es_20200422172330456028,ref_geneInfo_gene_641
,es_20200422172355175206,ref_geneInfo_gene_675
,es_20200422172407033568,ref_geneInfo_gene_694
,es_20200422172343345930,ref_geneInfo_gene_657
,es_20200422172405042424,ref_geneInfo_gene_83990
,es_20200422172351356156,ref_geneInfo_gene_672
,es_20200422172358061526,ref_geneInfo_gene_23476
,es_20200422172409753273,ref_geneInfo_gene_695
,es_20200422172411213555,ref_geneInfo_gene_151888
,es_20200422172418453705,ref_geneInfo_gene_56946
,es_20200422172422753145,ref_geneInfo_gene_811
,es_20200422172439423830,ref_geneInfo_gene_894
,es_20200422172430070649,ref_geneInfo_gene_865
,es_20200422172415336248,ref_geneInfo_gene_64115
,es_20200422172434843636,ref_geneInfo_gene_6347
,es_20200422172428033975,ref_geneInfo_gene_841
,es_20200422172425372318,ref_geneInfo_gene_84433
,es_20200422172432220601,ref_geneInfo_gene_867
,es_20200422172443224706,ref_geneInfo_gene_898
,es_20200422172449280169,ref_geneInfo_gene_9332
,es_20200422172441582984,ref_geneInfo_gene_896
,es_20200422172507724568,ref_geneInfo_gene_940
,es_20200422172445509762,ref_geneInfo_gene_729230
,es_20200422172450884033,ref_geneInfo_gene_914
,es_20200422172515620006,ref_geneInfo_gene_917
,es_20200422172504808420,ref_geneInfo_gene_80381
,es_20200422172520373201,ref_geneInfo_gene_920
,es_20200422172457014044,ref_geneInfo_gene_939
,es_20200422172512455049,ref_geneInfo_gene_916
,es_20200422172452730833,ref_geneInfo_gene_51744
,es_20200422172518035514,ref_geneInfo_gene_952
,es_20200422172549529642,ref_geneInfo_gene_941
,es_20200422172459348018,ref_geneInfo_gene_29126
,es_20200422172509600885,ref_geneInfo_gene_915
,es_20200422172522881721,ref_geneInfo_gene_958
,es_20200422172528528801,ref_geneInfo_gene_960
,es_20200422172538081196,ref_geneInfo_gene_968
,es_20200422172525156605,ref_geneInfo_gene_959
,es_20200422172540013449,ref_geneInfo_gene_972
,es_20200422172542270410,ref_geneInfo_gene_973
,es_20200422172547535267,ref_geneInfo_gene_926
,es_20200422172545984003,ref_geneInfo_gene_925
,es_20200422172557609084,ref_geneInfo_gene_79577
,es_20200422172553594569,ref_geneInfo_gene_925
,es_20200422172553594569,ref_geneInfo_gene_925
,es_20200422172611343182,ref_geneInfo_gene_1021
,es_20200422172551249386,ref_geneInfo_gene_942
,es_20200422172643215008,ref_geneInfo_gene_1106
,es_20200422172600758839,ref_geneInfo_gene_999
,es_20200422172620620841,ref_geneInfo_gene_1027
,es_20200422172608878740,ref_geneInfo_gene_1019
,es_20200422172624107577,ref_geneInfo_gene_1029
,es_20200422172613865440,ref_geneInfo_gene_1024
,es_20200422172628794154,ref_geneInfo_gene_1031
,es_20200422172605398270,ref_geneInfo_gene_51755
,es_20200422172616425502,ref_geneInfo_gene_1026
,es_20200422172625828340,ref_geneInfo_gene_1030
,es_20200422173145408814,ref_geneInfo_gene_2263
,es_20200422172633263714,ref_geneInfo_gene_1058
,es_20200422172712612231,ref_geneInfo_gene_1441
,es_20200422172630505569,ref_geneInfo_gene_1050
,es_20200422172645582615,ref_geneInfo_gene_1108
,es_20200422172708970693,ref_geneInfo_gene_1436
,es_20200422172653219180,ref_geneInfo_gene_23152
,es_20200422172706146960,ref_geneInfo_gene_64109
,es_20200422172648196517,ref_geneInfo_gene_1111
,es_20200422172656536276,ref_geneInfo_gene_1387
,es_20200422172650987283,ref_geneInfo_gene_11200
,es_20200422172719037456,ref_geneInfo_gene_1457
,es_20200422172714220020,ref_geneInfo_gene_1452
,es_20200422172731289925,ref_geneInfo_gene_1493
,es_20200422172747876577,ref_geneInfo_gene_8452
,es_20200422172739405307,ref_geneInfo_gene_1499
,es_20200422172812359689,ref_geneInfo_gene_7852
,es_20200422172805076245,ref_geneInfo_gene_1523
,es_20200422172806783074,ref_geneInfo_gene_3627
,es_20200422172734436823,ref_geneInfo_gene_1495
,es_20200422172818894471,ref_geneInfo_gene_1540
,es_20200422172829401052,ref_geneInfo_gene_1616
,es_20200422172848021141,ref_geneInfo_gene_22894
,es_20200422172857629347,ref_geneInfo_gene_1789
,es_20200422172838831364,ref_geneInfo_gene_51428
,es_20200422172835958874,ref_geneInfo_gene_4921
,es_20200422172816457665,ref_geneInfo_gene_10663
,es_20200422172910508799,ref_geneInfo_gene_1956
,es_20200422172832090264,ref_geneInfo_gene_54165
,es_20200422172846458026,ref_geneInfo_gene_23405
,es_20200422172859805027,ref_geneInfo_gene_84444
,es_20200422172841389602,ref_geneInfo_gene_23586
,es_20200422172849803026,ref_geneInfo_gene_3337
,es_20200422172855052600,ref_geneInfo_gene_1788
,es_20200422172843999179,ref_geneInfo_gene_1665
,es_20200422172852624468,ref_geneInfo_gene_1786
,es_20200422172906289851,ref_geneInfo_gene_51162
,es_20200422172943135931,ref_geneInfo_gene_2042
,es_20200422172923005745,ref_geneInfo_gene_1977
,es_20200422172927054208,ref_geneInfo_gene_953
,es_20200422172902082521,ref_geneInfo_gene_1871
,es_20200422172946986811,ref_geneInfo_gene_2045
,es_20200422172903946442,ref_geneInfo_gene_8726
,es_20200422172920136786,ref_geneInfo_gene_1974
,es_20200422172930170242,ref_geneInfo_gene_2033
,es_20200422172917498918,ref_geneInfo_gene_1964
,es_20200422172924625112,ref_geneInfo_gene_27436
,es_20200422172941188746,ref_geneInfo_gene_4072
,es_20200422172958944429,ref_geneInfo_gene_2066
,es_20200422172944673217,ref_geneInfo_gene_2044
,es_20200422173005203795,ref_geneInfo_gene_2071
,es_20200422172954225527,ref_geneInfo_gene_2065
,es_20200422173000706218,ref_geneInfo_gene_2067
,es_20200422173016760791,ref_geneInfo_gene_2099
,es_20200422172949118587,ref_geneInfo_gene_2047
,es_20200422173003373835,ref_geneInfo_gene_2068
,es_20200422173011704215,ref_geneInfo_gene_2078
,es_20200422172952131271,ref_geneInfo_gene_2064
,es_20200422173008122886,ref_geneInfo_gene_2072
,es_20200422173018916131,ref_geneInfo_gene_2113
,es_20200422173013223242,ref_geneInfo_gene_54206
,es_20200422173009912016,ref_geneInfo_gene_2073
,es_20200422173035106388,ref_geneInfo_gene_139285
,es_20200422173024563162,ref_geneInfo_gene_2119
,es_20200422173020403249,ref_geneInfo_gene_2115
,es_20200422173026386824,ref_geneInfo_gene_2120
,es_20200422173022853395,ref_geneInfo_gene_2118
,es_20200422173028761087,ref_geneInfo_gene_2130
,es_20200422173129608830,ref_geneInfo_gene_2248
,es_20200422173134100522,ref_geneInfo_gene_2251
,es_20200422173031812216,ref_geneInfo_gene_2146
,es_20200422173041722362,ref_geneInfo_gene_2175
,es_20200422173050580693,ref_geneInfo_gene_2189
,es_20200422173043172258,ref_geneInfo_gene_2176
,es_20200422173045664557,ref_geneInfo_gene_2177
,es_20200422173052515487,ref_geneInfo_gene_55215
,es_20200422173036728310,ref_geneInfo_gene_84142
,es_20200422173048947200,ref_geneInfo_gene_2188
,es_20200422173100142934,ref_geneInfo_gene_355
,es_20200422173039389323,ref_geneInfo_gene_54855
,es_20200422173047368494,ref_geneInfo_gene_2178
,es_20200422173104036295,ref_geneInfo_gene_55294
,es_20200422173054301824,ref_geneInfo_gene_55120
,es_20200422173101834097,ref_geneInfo_gene_2195
,es_20200422173118316970,ref_geneInfo_gene_2255
,es_20200422173120547059,ref_geneInfo_gene_2259
,es_20200422173124849229,ref_geneInfo_gene_2247
,es_20200422173147895552,ref_geneInfo_gene_2261
,es_20200422173114507502,ref_geneInfo_gene_2246
,es_20200422173127431232,ref_geneInfo_gene_8074
,es_20200422173347215222,ref_geneInfo_gene_3021
,es_20200422173140685104,ref_geneInfo_gene_2254
,es_20200422173154039767,ref_geneInfo_gene_201163
,es_20200422173131013063,ref_geneInfo_gene_2249
,es_20200422173135542003,ref_geneInfo_gene_2252
,es_20200422173121981387,ref_geneInfo_gene_9965
,es_20200422173132591585,ref_geneInfo_gene_2250
,es_20200422173136974431,ref_geneInfo_gene_2253
,es_20200422173149711060,ref_geneInfo_gene_2264
,es_20200422173228883872,ref_geneInfo_gene_10818
,es_20200422173143175728,ref_geneInfo_gene_2260
,es_20200422173210515544,ref_geneInfo_gene_2324
,es_20200422173202143600,ref_geneInfo_gene_2313
,es_20200422173151826312,ref_geneInfo_gene_2271
,es_20200422173219056318,ref_geneInfo_gene_27086
,es_20200422173208665514,ref_geneInfo_gene_2322
,es_20200422173214443198,ref_geneInfo_gene_668
,es_20200422173212773451,ref_geneInfo_gene_3169
,es_20200422173236665901,ref_geneInfo_gene_2621
,es_20200422173205871770,ref_geneInfo_gene_2321
,es_20200422173216938027,ref_geneInfo_gene_2308
,es_20200422173230310349,ref_geneInfo_gene_8880
,es_20200422173234228920,ref_geneInfo_gene_2559
,es_20200422173224658810,ref_geneInfo_gene_50943
,es_20200422173238363663,ref_geneInfo_gene_2623
,es_20200422173240763891,ref_geneInfo_gene_2624
,es_20200422173255358657,ref_geneInfo_gene_348654
,es_20200422173244477142,ref_geneInfo_gene_2626
,es_20200422173232805219,ref_geneInfo_gene_2534
,es_20200422173242735612,ref_geneInfo_gene_2625
,es_20200422173311435230,ref_geneInfo_gene_10672
,es_20200422173300879089,ref_geneInfo_gene_79018
,es_20200422173333921076,ref_geneInfo_gene_2913
,es_20200422173249470352,ref_geneInfo_gene_2627
,es_20200422173304164277,ref_geneInfo_gene_2735
,es_20200422173309504738,ref_geneInfo_gene_2767
,es_20200422173320337453,ref_geneInfo_gene_25960
,es_20200422173323255129,ref_geneInfo_gene_2874
,es_20200422173343782805,ref_geneInfo_gene_3020
,es_20200422173315825378,ref_geneInfo_gene_2776
,es_20200422173318540979,ref_geneInfo_gene_2778
,es_20200422173330985717,ref_geneInfo_gene_2903
,es_20200422173328021518,ref_geneInfo_gene_26585
,es_20200422173348720445,ref_geneInfo_gene_440093
,es_20200422173341120902,ref_geneInfo_gene_3002
,es_20200422173336757082,ref_geneInfo_gene_2932
,es_20200422173358090339,ref_geneInfo_gene_3082
,es_20200422173406683364,ref_geneInfo_gene_8358
,es_20200422173419376005,ref_geneInfo_gene_8357
,es_20200422173526227099,ref_geneInfo_gene_3417
,es_20200422173359646905,ref_geneInfo_gene_3006
,es_20200422173409632627,ref_geneInfo_gene_8353
,es_20200422173350809481,ref_geneInfo_gene_84868
,es_20200422173422405237,ref_geneInfo_gene_8354
,es_20200422173457591328,ref_geneInfo_gene_6927
,es_20200422173401499291,ref_geneInfo_gene_3017
,es_20200422173430506739,ref_geneInfo_gene_126961
,es_20200422173404122250,ref_geneInfo_gene_8350
,es_20200422173425386361,ref_geneInfo_gene_8356
,es_20200422173501056847,ref_geneInfo_gene_3190
,es_20200422173416147666,ref_geneInfo_gene_8355
,es_20200422173433381193,ref_geneInfo_gene_653604
,es_20200422173413104856,ref_geneInfo_gene_8968
,es_20200422173427833692,ref_geneInfo_gene_333932
,es_20200422173439599736,ref_geneInfo_gene_3105
,es_20200422173506889911,ref_geneInfo_gene_3265
,es_20200422173435561022,ref_geneInfo_gene_8290
,es_20200422173513382266,ref_geneInfo_gene_3320
,es_20200422173521516399,ref_geneInfo_gene_23308
,es_20200422173510271776,ref_geneInfo_gene_3283
,es_20200422173536864952,ref_geneInfo_gene_10410
,es_20200422173503198058,ref_geneInfo_gene_10481
,es_20200422173519292048,ref_geneInfo_gene_29851
,es_20200422173557672453,ref_geneInfo_gene_10320
,es_20200422173523087029,ref_geneInfo_gene_3399
,es_20200422173530711678,ref_geneInfo_gene_3620
,es_20200422173528854794,ref_geneInfo_gene_3418
,es_20200422173539129565,ref_geneInfo_gene_3458
,es_20200422173550464641,ref_geneInfo_gene_3480
,es_20200422173544462131,ref_geneInfo_gene_3479
,es_20200422173534795944,ref_geneInfo_gene_8519
,es_20200422173601159995,ref_geneInfo_gene_3586
,es_20200422173611075108,ref_geneInfo_gene_3575
,es_20200422173624531036,ref_geneInfo_gene_3643
,es_20200422173541396096,ref_geneInfo_gene_3459
,es_20200422173605295575,ref_geneInfo_gene_3553
,es_20200422173614459108,ref_geneInfo_gene_3624
,es_20200422173555789532,ref_geneInfo_gene_9641
,es_20200422173616088475,ref_geneInfo_gene_3631
,es_20200422173553210890,ref_geneInfo_gene_3481
,es_20200422173608404049,ref_geneInfo_gene_3569
,es_20200422173612536153,ref_geneInfo_gene_3623
,es_20200422173620074584,ref_geneInfo_gene_8821
,es_20200422173630684732,ref_geneInfo_gene_3662
,es_20200422173724816392,ref_geneInfo_gene_89857
,es_20200422173627918036,ref_geneInfo_gene_3660
,es_20200422173634639430,ref_geneInfo_gene_8660
,es_20200422173640448778,ref_geneInfo_gene_3717
,es_20200422173632822891,ref_geneInfo_gene_3667
,es_20200422173636741018,ref_geneInfo_gene_3716
,es_20200422173644292860,ref_geneInfo_gene_3718
,es_20200422173659152318,ref_geneInfo_gene_7403
,es_20200422173650804527,ref_geneInfo_gene_7994
,es_20200422173715098807,ref_geneInfo_gene_3792
,es_20200422173653019776,ref_geneInfo_gene_5927
,es_20200422173646776343,ref_geneInfo_gene_3725
,es_20200422173717278343,ref_geneInfo_gene_3799
,es_20200422173723277554,ref_geneInfo_gene_9314
,es_20200422173656612927,ref_geneInfo_gene_8242
,es_20200422173704248111,ref_geneInfo_gene_3791
,es_20200422173706630784,ref_geneInfo_gene_9817
,es_20200422173731899789,ref_geneInfo_gene_58508
,es_20200422173751615937,ref_geneInfo_gene_9113
,es_20200422173727039730,ref_geneInfo_gene_3824
,es_20200422173737428931,ref_geneInfo_gene_90417
,es_20200422173728975697,ref_geneInfo_gene_9757
,es_20200422173720745373,ref_geneInfo_gene_3815
,es_20200422173800932241,ref_geneInfo_gene_4067
,es_20200422173816185738,ref_geneInfo_gene_5605
,es_20200422173735531421,ref_geneInfo_gene_8085
,es_20200422173746684518,ref_geneInfo_gene_3902
,es_20200422173748969025,ref_geneInfo_gene_3916
,es_20200422173755968733,ref_geneInfo_gene_4004
,es_20200422173742535375,ref_geneInfo_gene_3845
,es_20200422173811789210,ref_geneInfo_gene_10892
,es_20200422173852349370,ref_geneInfo_gene_4194
,es_20200422173754390281,ref_geneInfo_gene_26524
,es_20200422173802777970,ref_geneInfo_gene_8216
,es_20200422173758716102,ref_geneInfo_gene_53353
,es_20200422173806596200,ref_geneInfo_gene_9863
,es_20200422173814014645,ref_geneInfo_gene_5604
,es_20200422173821038098,ref_geneInfo_gene_4214
,es_20200422173818847871,ref_geneInfo_gene_6416
,es_20200422173828799945,ref_geneInfo_gene_5594
,es_20200422173837200289,ref_geneInfo_gene_4170
,es_20200422173808242255,ref_geneInfo_gene_4116
,es_20200422173831581893,ref_geneInfo_gene_5595
,es_20200422173839384260,ref_geneInfo_gene_9656
,es_20200422173834618401,ref_geneInfo_gene_4149
,es_20200422173902363756,ref_geneInfo_gene_4233
,es_20200422173823165790,ref_geneInfo_gene_9175
,es_20200422173843126363,ref_geneInfo_gene_4193
,es_20200422173825176529,ref_geneInfo_gene_4216
,es_20200422173854548008,ref_geneInfo_gene_9968
,es_20200422173904813753,ref_geneInfo_gene_23269
,es_20200422173907194492,ref_geneInfo_gene_4286
,es_20200422173951272696,ref_geneInfo_gene_2475
,es_20200422173858514636,ref_geneInfo_gene_4221
,es_20200422173914013885,ref_geneInfo_gene_4297
,es_20200422173855967588,ref_geneInfo_gene_100271849
,es_20200422173924788161,ref_geneInfo_gene_4352
,es_20200422173941755750,ref_geneInfo_gene_4437
,es_20200422174016874781,ref_geneInfo_gene_4610
,es_20200422174022741515,ref_geneInfo_gene_4615
,es_20200422173910571548,ref_geneInfo_gene_4292
,es_20200422173939369718,ref_geneInfo_gene_4436
,es_20200422173918613221,ref_geneInfo_gene_4300
,es_20200422173935312806,ref_geneInfo_gene_931
,es_20200422173927017570,ref_geneInfo_gene_4361
,es_20200422173948404411,ref_geneInfo_gene_4486
,es_20200422174007073304,ref_geneInfo_gene_4595
,es_20200422173946199935,ref_geneInfo_gene_4485
,es_20200422174014354186,ref_geneInfo_gene_4609
,es_20200422174011914352,ref_geneInfo_gene_4602
,es_20200422174040123087,ref_geneInfo_gene_4683
,es_20200422173944238058,ref_geneInfo_gene_2956
,es_20200422174009850996,ref_geneInfo_gene_4599
,es_20200422174037618615,ref_geneInfo_gene_4665
,es_20200422174020190371,ref_geneInfo_gene_4613
,es_20200422174018250795,ref_geneInfo_gene_4610
,es_20200422174018250795,ref_geneInfo_gene_4610
,es_20200422174043960363,ref_geneInfo_gene_9611
,es_20200422174035788565,ref_geneInfo_gene_4654
,es_20200422174104461401,ref_geneInfo_gene_4824
,es_20200422174046039421,ref_geneInfo_gene_257194
,es_20200422174029408314,ref_geneInfo_gene_399687
,es_20200422174041921056,ref_geneInfo_gene_8202
,es_20200422174048596067,ref_geneInfo_gene_4763
,es_20200422174100477866,ref_geneInfo_gene_7080
,es_20200422174114813649,ref_geneInfo_gene_4854
,es_20200422174335324392,ref_geneInfo_gene_10957
,es_20200422174409895400,ref_geneInfo_gene_80243
,es_20200422174101891674,ref_geneInfo_gene_26257
,es_20200422174117027353,ref_geneInfo_gene_4855
,es_20200422174058096694,ref_geneInfo_gene_4792
,es_20200422174109863402,ref_geneInfo_gene_4853
,es_20200422174050668484,ref_geneInfo_gene_4771
,es_20200422174107695781,ref_geneInfo_gene_4851
,es_20200422174125927504,ref_geneInfo_gene_3084
,es_20200422174052732562,ref_geneInfo_gene_4780
,es_20200422174123759332,ref_geneInfo_gene_4893
,es_20200422174120007275,ref_geneInfo_gene_4869
,es_20200422174236030799,ref_geneInfo_gene_5133
,es_20200422174135485978,ref_geneInfo_gene_4915
,es_20200422174137665406,ref_geneInfo_gene_4916
,es_20200422174148069840,ref_geneInfo_gene_5063
,es_20200422174128436292,ref_geneInfo_gene_64324
,es_20200422174139893475,ref_geneInfo_gene_9688
,es_20200422174130446287,ref_geneInfo_gene_4914
,es_20200422174142754770,ref_geneInfo_gene_256646
,es_20200422174159285808,ref_geneInfo_gene_5071
,es_20200422174144625249,ref_geneInfo_gene_5058
,es_20200422174223424862,ref_geneInfo_gene_5077
,es_20200422174303746615,ref_geneInfo_gene_5290
,es_20200422174149904204,ref_geneInfo_gene_57144
,es_20200422174152027370,ref_geneInfo_gene_79728
,es_20200422174214231524,ref_geneInfo_gene_142
,es_20200422174228656543,ref_geneInfo_gene_5081
,es_20200422174233191404,ref_geneInfo_gene_55193
,es_20200422174230240144,ref_geneInfo_gene_7849
,es_20200422174238550980,ref_geneInfo_gene_80380
,es_20200422174226553743,ref_geneInfo_gene_5079
,es_20200422174243741552,ref_geneInfo_gene_5159
,es_20200422174254383971,ref_geneInfo_gene_8929
,es_20200422174248353540,ref_geneInfo_gene_5170
,es_20200422174256004536,ref_geneInfo_gene_5287
,es_20200422174252173275,ref_geneInfo_gene_84295
,es_20200422174306066485,ref_geneInfo_gene_5291
,es_20200422174241213710,ref_geneInfo_gene_5156
,es_20200422174246104352,ref_geneInfo_gene_5163
,es_20200422174258256173,ref_geneInfo_gene_5288
,es_20200422174250740060,ref_geneInfo_gene_5241
,es_20200422174259817399,ref_geneInfo_gene_5289
,es_20200422174309827487,ref_geneInfo_gene_5294
,es_20200422174650268102,ref_geneInfo_gene_54949
,es_20200422174322341337,ref_geneInfo_gene_5292
,es_20200422174329297790,ref_geneInfo_gene_5378
,es_20200422174345481258,ref_geneInfo_gene_5426
,es_20200422174307767219,ref_geneInfo_gene_5293
,es_20200422174316781140,ref_geneInfo_gene_5296
,es_20200422174312429237,ref_geneInfo_gene_5295
,es_20200422174319620919,ref_geneInfo_gene_8503
,es_20200422174327472824,ref_geneInfo_gene_5366
,es_20200422174324277642,ref_geneInfo_gene_5336
,es_20200422174331363514,ref_geneInfo_gene_5395
,es_20200422174325754693,ref_geneInfo_gene_10769
,es_20200422174333808972,ref_geneInfo_gene_4860
,es_20200422174356776068,ref_geneInfo_gene_5518
,es_20200422174402711414,ref_geneInfo_gene_5537
,es_20200422174337480883,ref_geneInfo_gene_5424
,es_20200422174411781790,ref_geneInfo_gene_5573
,es_20200422174438619395,ref_geneInfo_gene_5789
,es_20200422174352173045,ref_geneInfo_gene_8493
,es_20200422174349940933,ref_geneInfo_gene_5468
,es_20200422174359821489,ref_geneInfo_gene_5520
,es_20200422174416805324,ref_geneInfo_gene_5591
,es_20200422174407510233,ref_geneInfo_gene_639
,es_20200422174435238392,ref_geneInfo_gene_5781
,es_20200422174426091935,ref_geneInfo_gene_5652
,es_20200422174445759223,ref_geneInfo_gene_11122
,es_20200422174428886467,ref_geneInfo_gene_5727
,es_20200422174530767154,ref_geneInfo_gene_5914
,es_20200422174414423955,ref_geneInfo_gene_5584
,es_20200422174454739198,ref_geneInfo_gene_5879
,es_20200422174432035606,ref_geneInfo_gene_5728
,es_20200422174449283385,ref_geneInfo_gene_9444
,es_20200422174441884665,ref_geneInfo_gene_5802
,es_20200422174538599777,ref_geneInfo_gene_5925
,es_20200422174615077726,ref_geneInfo_gene_8986
,es_20200422174514876013,ref_geneInfo_gene_5893
,es_20200422174534657002,ref_geneInfo_gene_5921
,es_20200422174452091634,ref_geneInfo_gene_11021
,es_20200422174501116846,ref_geneInfo_gene_10111
,es_20200422174510796503,ref_geneInfo_gene_5889
,es_20200422174505061940,ref_geneInfo_gene_5888
,es_20200422174457975760,ref_geneInfo_gene_5885
,es_20200422174508183597,ref_geneInfo_gene_5890
,es_20200422174512651326,ref_geneInfo_gene_5892
,es_20200422174519864084,ref_geneInfo_gene_5894
,es_20200422174516226010,ref_geneInfo_gene_8438
,es_20200422174544230358,ref_geneInfo_gene_9401
,es_20200422174523181809,ref_geneInfo_gene_5903
,es_20200422174607370654,ref_geneInfo_gene_6016
,es_20200422174631744979,ref_geneInfo_gene_861
,es_20200422174540827215,ref_geneInfo_gene_8241
,es_20200422174546121125,ref_geneInfo_gene_5966
,es_20200422174557488348,ref_geneInfo_gene_387
,es_20200422174549430680,ref_geneInfo_gene_5979
,es_20200422174555081355,ref_geneInfo_gene_6009
,es_20200422174613370713,ref_geneInfo_gene_6098
,es_20200422174553076964,ref_geneInfo_gene_64326
,es_20200422174605118334,ref_geneInfo_gene_253260
,es_20200422174609601184,ref_geneInfo_gene_54894
,es_20200422174617182162,ref_geneInfo_gene_6198
,es_20200422174626483147,ref_geneInfo_gene_6199
,es_20200422174629013435,ref_geneInfo_gene_57521
,es_20200422174641917189,ref_geneInfo_gene_23429
,es_20200422174647309729,ref_geneInfo_gene_6389
,es_20200422174652147897,ref_geneInfo_gene_6390
,es_20200422174715053415,ref_geneInfo_gene_10019
,es_20200422174657365908,ref_geneInfo_gene_6392
,es_20200422174636656463,ref_geneInfo_gene_862
,es_20200422174654270509,ref_geneInfo_gene_6391
,es_20200422174659551135,ref_geneInfo_gene_26040
,es_20200422174717410802,ref_geneInfo_gene_4068
,es_20200422174736348850,ref_geneInfo_gene_6597
,es_20200422174753885216,ref_geneInfo_gene_9627
,es_20200422174711345389,ref_geneInfo_gene_23451
,es_20200422174702297311,ref_geneInfo_gene_29072
,es_20200422174720053378,ref_geneInfo_gene_55164
,es_20200422174725558275,ref_geneInfo_gene_84464
,es_20200422174722526799,ref_geneInfo_gene_9353
,es_20200422174731333881,ref_geneInfo_gene_4088
,es_20200422174739312740,ref_geneInfo_gene_6598
,es_20200422174728628182,ref_geneInfo_gene_4087
,es_20200422174746453293,ref_geneInfo_gene_8243
,es_20200422174802264591,ref_geneInfo_gene_64321
,es_20200422174742467915,ref_geneInfo_gene_6602
,es_20200422174733679232,ref_geneInfo_gene_4089
,es_20200422174751549251,ref_geneInfo_gene_6608
,es_20200422174804152905,ref_geneInfo_gene_6657
,es_20200422174825384514,ref_geneInfo_gene_6427
,es_20200422174836984449,ref_geneInfo_gene_6774
,es_20200422174826952649,ref_geneInfo_gene_10274
,es_20200422174833205614,ref_geneInfo_gene_6772
,es_20200422174756766580,ref_geneInfo_gene_8651
,es_20200422174809887497,ref_geneInfo_gene_23013
,es_20200422174845439595,ref_geneInfo_gene_6775
,es_20200422174812633947,ref_geneInfo_gene_8405
,es_20200422174829982627,ref_geneInfo_gene_10735
,es_20200422174807116058,ref_geneInfo_gene_6662
,es_20200422174817827346,ref_geneInfo_gene_6714
,es_20200422174815095839,ref_geneInfo_gene_6708
,es_20200422174912497237,ref_geneInfo_gene_6872
,es_20200422174848555395,ref_geneInfo_gene_6776
,es_20200422174850530273,ref_geneInfo_gene_6777
,es_20200422174855260727,ref_geneInfo_gene_83931
,es_20200422174906024354,ref_geneInfo_gene_23512
,es_20200422174858089184,ref_geneInfo_gene_51684
,es_20200422174853219052,ref_geneInfo_gene_6794
,es_20200422174925149659,ref_geneInfo_gene_6929
,es_20200422174934903892,ref_geneInfo_gene_80312
,es_20200422174917994128,ref_geneInfo_gene_30009
,es_20200422174929434655,ref_geneInfo_gene_7012
,es_20200422174947462668,ref_geneInfo_gene_7040
,es_20200422174909654222,ref_geneInfo_gene_6850
,es_20200422174928633448,ref_geneInfo_gene_6934
,es_20200422174921416106,ref_geneInfo_gene_6926
,es_20200422174923077777,ref_geneInfo_gene_6921
,es_20200422174938984432,ref_geneInfo_gene_54790
,es_20200422174956356022,ref_geneInfo_gene_55654
,es_20200422174932628972,ref_geneInfo_gene_7015
,es_20200422174944159447,ref_geneInfo_gene_7037
,es_20200422174949958679,ref_geneInfo_gene_7046
,es_20200422174940770684,ref_geneInfo_gene_7030
,es_20200422175008805425,ref_geneInfo_gene_8764
,es_20200422174954328490,ref_geneInfo_gene_9220
,es_20200422175003052878,ref_geneInfo_gene_7124
,es_20200422175011868946,ref_geneInfo_gene_8784
,es_20200422175051269146,ref_geneInfo_gene_7253
,es_20200422174952160845,ref_geneInfo_gene_7048
,es_20200422174958779981,ref_geneInfo_gene_7113
,es_20200422175015449162,ref_geneInfo_gene_3604
,es_20200422175029793689,ref_geneInfo_gene_7157
,es_20200422175018320620,ref_geneInfo_gene_7292
,es_20200422175007143884,ref_geneInfo_gene_7128
,es_20200422175033168580,ref_geneInfo_gene_8626
,es_20200422175101899834,ref_geneInfo_gene_79679
,es_20200422175020380221,ref_geneInfo_gene_7150
,es_20200422175013390262,ref_geneInfo_gene_7293
,es_20200422175024007706,ref_geneInfo_gene_7153
,es_20200422175042210377,ref_geneInfo_gene_7248
,es_20200422175037682536,ref_geneInfo_gene_84231
,es_20200422175035826524,ref_geneInfo_gene_7186
,es_20200422175116245764,ref_geneInfo_gene_7516
,es_20200422175047322396,ref_geneInfo_gene_7249
,es_20200422175056224641,ref_geneInfo_gene_7422
,es_20200422175053665050,ref_geneInfo_gene_7307
,es_20200422175059543515,ref_geneInfo_gene_7428
,es_20200422175111270444,ref_geneInfo_gene_331
,es_20200422175124988970,ref_geneInfo_gene_7525
,es_20200422175113853649,ref_geneInfo_gene_7514
,es_20200422175139283993,ref_geneInfo_gene_7764
,es_20200422175103441499,ref_geneInfo_gene_8838
,es_20200422175106692906,ref_geneInfo_gene_7490
,es_20200422175119689632,ref_geneInfo_gene_10413
,es_20200422175142800970,ref_geneInfo_gene_8233
,es_20200422175135249804,ref_geneInfo_gene_463
,es_20200422175127617974,ref_geneInfo_gene_57621
,es_20200422175141228166,ref_geneInfo_gene_80139
,es_20200422175129333458,ref_geneInfo_gene_51341
,es_20200422181528219647,ref_geneInfo_gene_30848
,es_20200422181536451901,ref_geneInfo_gene_3579
,es_20200422181558968314,ref_geneInfo_gene_4102
,es_20200422181524048640,ref_geneInfo_gene_1485
,es_20200422181614865409,ref_geneInfo_gene_5817
,es_20200422181555851945,ref_geneInfo_gene_4100
,es_20200422181601811053,ref_geneInfo_gene_4103
,es_20200422181608254422,ref_geneInfo_gene_5819
,es_20200422181617321957,ref_geneInfo_gene_6757
,es_20200422181621997220,ref_geneInfo_gene_201633
,es_20200422181630133459,ref_geneInfo_gene_51311
,es_20200422181639256818,ref_geneInfo_gene_54106
,es_20200430155214233037,ref_geneInfo_gene_319089
,es_20200430155446696137,ref_geneInfo_gene_23345
