name,panelName,geneDescription_graph_id,oncogenicCategory_graph_id,synonymsString_graph_id,MyGeneInfoGene_graph_id,JaxGene_graph_id,UniprotEntry_graph_Id,graph_id
CRKL,CRKL,es_20200514163412126000,es_20200422172704578354,es_20200422172704578370,geneInfo_gene_1399,jax_gene_1399,uniprot_P46109,omnigene_1399
AR,AR,es_20200428134653496000,es_20200422172145719434,es_20200422172145719452,geneInfo_gene_367,jax_gene_367,uniprot_P10275,omnigene_367
SMC3,SMC3,es_20200422174749866373,es_20200422174749866391,es_20200422174749866407,geneInfo_gene_9126,jax_gene_9126,uniprot_Q9UQE7,omnigene_9126
SOX10,SOX10,es_20200422174800270384,es_20200422174800270411,es_20200422174800270429,geneInfo_gene_6663,jax_gene_6663,uniprot_P56693,omnigene_6663
CD79B,CD79B,es_20200513144917885000,es_20200422172543977661,es_20200422172543977677,geneInfo_gene_974,jax_gene_974,uniprot_P40259,omnigene_974
ACVR1,ACVR1,es_20200427105937999000,es_20200422172101224462,es_20200422172101224479,geneInfo_gene_90,jax_gene_90,uniprot_Q04771,omnigene_90
ABL2,ABL2,es_20200430190649983000,es_20200422172059166344,es_20200428124635101000,geneInfo_gene_27,jax_gene_27,uniprot_P42684,omnigene_27
ACVR1B,ACVR1B,es_20200427105951301000,es_20200422172103499054,es_20200422172103499071,geneInfo_gene_91,jax_gene_91,uniprot_P36896,omnigene_91
ABL1,ABL1,es_2020042315331686000,es_20200422172057009374,es_20200424160823642000,geneInfo_gene_25,jax_gene_25,uniprot_P00519,omnigene_25
ADORA2A,ADORA2A,es_20200423071749530689,es_20200422172108446620,es_20200422172108446636,geneInfo_gene_135,jax_gene_135,uniprot_P29274,omnigene_135
ACVRL1,ACVRL1,es_20200427160806345000,es_20200422172105978721,es_20200422172105978738,geneInfo_gene_94,,uniprot_P37023,omnigene_94
ANKRD26,ANKRD26,es_20200428103418697000,es_20200422172136480721,es_20200422172136480737,geneInfo_gene_22852,jax_gene_22852,uniprot_Q9UPS8,omnigene_22852
AKT1,AKT1,es_20200427155531373000,es_20200422172120404444,es_20200422172120404464,geneInfo_gene_207,jax_gene_207,uniprot_P31749,omnigene_207
AKT2,AKT2,es_20200427155736369000,es_20200422172125256566,es_20200422172125256582,geneInfo_gene_208,jax_gene_208,uniprot_P31751,omnigene_208
APEX1,APEX1,es_20200428135245728000,es_20200422172141997843,es_20200422172141997859,geneInfo_gene_328,,uniprot_P27695,omnigene_328
AKT3,AKT3,es_2020042716031260000,es_20200422172127386598,es_20200422172127386614,geneInfo_gene_10000,jax_gene_10000,uniprot_Q9Y243,omnigene_10000
ALK,ALK,es_20200427160741408000,es_20200422172129607557,es_20200422172129607573,geneInfo_gene_238,jax_gene_238,uniprot_Q9UM73,omnigene_238
ARAF,ARAF,es_20200428140900470000,es_20200422172148041121,es_20200422172148041137,geneInfo_gene_369,jax_gene_369,uniprot_P10398,omnigene_369
ARID1A,ARID1A,es_20200428151832373000,es_20200422172152135103,es_20200422172152135120,geneInfo_gene_8289,jax_gene_8289,uniprot_O14497,omnigene_8289
ALOX12B,ALOX12B,es_20200428101519586000,es_20200422172132055960,es_20200422172132055978,geneInfo_gene_242,jax_gene_242,uniprot_O75342,omnigene_242
APC,APC,es_20200428105655722000,es_20200422172139748030,es_20200422172139748046,geneInfo_gene_324,jax_gene_324,uniprot_P25054,omnigene_324
ANKRD11,ANKRD11,es_20200428102809690000,es_20200422172134927991,es_20200422172134928008,geneInfo_gene_29123,jax_gene_29123,uniprot_Q6UB99,omnigene_29123
ARID1B,ARID1B,es_20200428154148358000,es_20200422172155004436,es_20200422172155004454,geneInfo_gene_57492,jax_gene_57492,uniprot_Q8NFD5,omnigene_57492
ARFRP1,ARFRP1,es_20200428145145576000,es_20200422172149598556,es_20200422172149598572,geneInfo_gene_10139,jax_gene_10139,uniprot_Q13795,omnigene_10139
AXL,AXL,es_20200429141357979000,es_20200422172239650467,es_20200422172239650484,geneInfo_gene_558,jax_gene_558,uniprot_P30530,omnigene_558
ARID5B,ARID5B,es_20200428163807639000,es_20200422172159557068,es_20200422172159557087,geneInfo_gene_84159,jax_gene_84159,uniprot_Q14865,omnigene_84159
ARID2,ARID2,es_20200428160336224000,es_20200422172156821514,es_20200422172156821538,geneInfo_gene_196528,jax_gene_196528,uniprot_Q68CP9,omnigene_196528
ATP11B,ATP11B,es_20200429102308279000,es_20200422172216588485,es_20200422172216588501,geneInfo_gene_23200,,uniprot_Q9Y2G3,omnigene_23200
ASXL1,ASXL1,es_20200428165231307000,es_20200422172202681962,es_20200422172202681979,geneInfo_gene_171023,jax_gene_171023,uniprot_Q8IXJ9,omnigene_171023
ASXL2,ASXL2,es_20200429085201870000,es_20200422172205386440,es_20200422172205386456,geneInfo_gene_55252,jax_gene_55252,uniprot_Q76L83,omnigene_55252
ATM,ATM,es_20200429100747639000,es_20200422172212848285,es_20200422172212848303,geneInfo_gene_472,jax_gene_472,uniprot_Q13315,omnigene_472
ATR,ATR,es_20200429101545831000,es_20200422172218754842,es_20200422172218754858,geneInfo_gene_545,jax_gene_545,uniprot_Q13535,omnigene_545
AXIN2,AXIN2,es_20200429140830290000,es_20200422172236236775,es_20200422172236236791,geneInfo_gene_8313,jax_gene_8313,uniprot_Q9Y2T1,omnigene_8313
ATRX,ATRX,es_20200429105553392000,es_20200422172221913425,es_20200422172221913443,geneInfo_gene_546,jax_gene_546,uniprot_P46100,omnigene_546
AURKA,AURKA,es_20200429112929819000,es_20200422172226067821,es_20200422172226067839,geneInfo_gene_6790,jax_gene_6790,uniprot_O14965,omnigene_6790
AURKB,AURKB,es_20200429113512498000,es_20200422172229278596,es_20200422172229278614,geneInfo_gene_9212,jax_gene_9212,uniprot_Q96GD4,omnigene_9212
AXIN1,AXIN1,es_20200429134852268000,es_20200422172234216416,es_20200422172234216433,geneInfo_gene_8312,jax_gene_8312,uniprot_O15169,omnigene_8312
B2M,B2M,es_20200511131415919000,es_20200422172242855102,es_20200422172242855119,geneInfo_gene_567,jax_gene_567,uniprot_P61769,omnigene_567
BIRC2,BIRC2,es_20200507101705414000,es_20200422172325608415,es_20200422172325608431,geneInfo_gene_329,jax_gene_329,uniprot_Q13490,omnigene_329
BAP1,BAP1,es_20200501152843658000,es_20200422172250640600,es_20200422172250640618,geneInfo_gene_8314,jax_gene_8314,uniprot_Q92560,omnigene_8314
BARD1,BARD1,es_20200511133309684000,es_20200422172253885271,es_20200422172253885287,geneInfo_gene_580,jax_gene_580,uniprot_Q99728,omnigene_580
BCL9,BCL9,es_20200508163328557000,es_20200422172313429329,es_20200422172313429346,geneInfo_gene_607,jax_gene_607,uniprot_O00512,omnigene_607
BBC3,BBC3,es_20200511134010724000,es_20200422172256906804,es_20200422172256906822,geneInfo_gene_27113,jax_gene_27113,uniprot_Q9BXH1,omnigene_27113
BCL2L1,BCL2L1,es_20200508154420256000,es_20200422172305355164,es_20200422172305355180,geneInfo_gene_598,jax_gene_598,uniprot_Q07817,omnigene_598
BCL6,BCL6,es_20200512100534150000,es_20200422172311839465,es_20200422172311839484,geneInfo_gene_604,jax_gene_604,uniprot_P41182,omnigene_604
BCL10,BCL10,es_20200511155441454000,es_20200422172259963549,es_20200422172259963566,geneInfo_gene_8915,jax_gene_8915,uniprot_O95999,omnigene_8915
BCL2L11,BCL2L11,es_2020051116154882000,es_20200422172308001170,es_20200422172308001187,geneInfo_gene_10018,jax_gene_10018,uniprot_O43521,omnigene_10018
BCL2,BCL2,es_2020051116111842000,es_20200422172302748967,es_20200422172302748985,geneInfo_gene_596,jax_gene_596,uniprot_P10415,omnigene_596
BCL2L2,BCL2L2,es_20200512094111246000,es_20200422172309847337,es_20200512093403911000,geneInfo_gene_599,jax_gene_599,uniprot_Q92843,omnigene_599
BIRC3,BIRC3,es_20200507092142756000,es_20200422172327988694,es_20200422172327988711,geneInfo_gene_330,jax_gene_330,uniprot_Q13489,omnigene_330
BCOR,BCOR,es_2020051210311628000,es_20200422172315556738,es_20200422172315556754,geneInfo_gene_54880,jax_gene_54880,uniprot_Q6W2J9,omnigene_54880
BCORL1,BCORL1,es_20200512104405940000,es_20200422172318539770,es_20200512104314727000,geneInfo_gene_63035,jax_gene_63035,uniprot_Q5H9F3,omnigene_63035
BRCA2,BRCA2,es_20200430103953846000,es_20200422172355530572,es_20200422172355530590,geneInfo_gene_675,jax_gene_675,uniprot_P51587,omnigene_675
BCR,BCR,es_20200512141644904000,es_20200422172322946383,es_20200422172322946401,geneInfo_gene_613,jax_gene_613,uniprot_P11274,omnigene_613
BTG1,BTG1,es_20200512153747926000,es_20200422172407033672,es_20200422172407033688,geneInfo_gene_694,jax_gene_694,uniprot_P62324,omnigene_694
BMPR1A,BMPR1A,es_20200512144813911000,es_20200422172343346040,es_20200422172343346057,geneInfo_gene_657,jax_gene_657,uniprot_P36894,omnigene_657
BRIP1,BRIP1,es_20200512153019666000,es_20200422172405042535,es_20200422172405042552,geneInfo_gene_83990,jax_gene_83990,uniprot_Q9BX63,omnigene_83990
BRCA1,BRCA1,es_20200501102050553000,es_20200422172351689816,es_20200422172351689834,geneInfo_gene_672,jax_gene_672,uniprot_P38398,omnigene_672
BLM,BLM,es_20200512142516222000,es_20200422172340348536,es_20200422172340348555,geneInfo_gene_641,jax_gene_641,uniprot_P54132,omnigene_641
BRAF,BRAF,es_20200501113744778000,es_20200422172347022013,es_20200422172347022034,geneInfo_gene_673,jax_gene_673,uniprot_P15056,omnigene_673
BTK,BTK,es_20200508141754183000,es_20200422172409753387,es_20200422172409753403,geneInfo_gene_695,jax_gene_695,uniprot_Q06187,omnigene_695
BRD4,BRD4,es_20200512151217756000,es_20200422172401850155,es_20200422172401850173,geneInfo_gene_23476,jax_gene_23476,uniprot_O60885,omnigene_23476
CALR,CALR,es_20200513093548907000,es_20200422172422753258,es_20200422172422753274,geneInfo_gene_811,jax_gene_811,uniprot_P27797,omnigene_811
CCND2,CCND2,es_20200513105950577000,es_20200422172439423943,es_20200422172439423959,geneInfo_gene_894,jax_gene_894,uniprot_P30279,omnigene_894
BTLA,BTLA,es_20200423071751127265,es_20200422172413237315,es_20200422172413237333,geneInfo_gene_151888,,uniprot_Q7Z6A9,omnigene_151888
VSIR,C10orf54,es_20200512100329156000,es_20200422172416087225,es_20200512100148909000,geneInfo_gene_64115,,uniprot_Q9H7M9,omnigene_64115
EMSY,C11orf30,es_20200424104103163000,es_20200422172419695748,es_20200422172419695765,geneInfo_gene_56946,jax_gene_56946,uniprot_Q7Z589,omnigene_56946
CARD11,CARD11,es_2020051310021997000,es_20200422172425372430,es_20200513094537222000,geneInfo_gene_84433,jax_gene_84433,uniprot_Q9BXL7,omnigene_84433
CBL,CBL,es_20200507140612176000,es_20200422172432220715,es_20200422172432220731,geneInfo_gene_867,jax_gene_867,uniprot_P22681,omnigene_867
CASP8,CASP8,es_20200513102040485000,es_20200422172428451211,es_20200422172428451229,geneInfo_gene_841,jax_gene_841,uniprot_Q14790,omnigene_841
CD163,CD163,es_20200423071756639893,es_20200422172449280289,es_20200422172449280306,geneInfo_gene_9332,,uniprot_Q86VB7,omnigene_9332
CBFB,CBFB,es_20200513103622665000,es_20200422172430070762,es_20200422172430070779,geneInfo_gene_865,jax_gene_865,uniprot_Q13951,omnigene_865
CCND3,CCND3,es_20200513110124574000,es_20200422172441583097,es_20200422172441583113,geneInfo_gene_896,jax_gene_896,uniprot_P30281,omnigene_896
CCL2,CCL2,es_20200423071753942810,es_20200422172435653189,es_20200422172435653207,geneInfo_gene_6347,,uniprot_P13500,omnigene_6347
CCND1,CCND1,es_20200504161255829000,es_20200422172437864853,es_20200422172437864869,geneInfo_gene_595,jax_gene_595,uniprot_P24385,omnigene_595
CD2,CD2,es_20200423071756745334,es_20200422172450884143,es_20200422172450884160,geneInfo_gene_914,,uniprot_P06729,omnigene_914
CCNE1,CCNE1,es_20200505145622782000,es_20200422172443224819,es_20200422172443224835,geneInfo_gene_898,jax_gene_898,uniprot_P24864,omnigene_898
CD276,CD276,es_20200513111631427000,es_20200422172504808570,es_20200513110308256000,geneInfo_gene_80381,jax_gene_80381,uniprot_Q5ZPR3,omnigene_80381
CCR2,CCR2,es_20200423071755311596,es_20200422172446200881,es_20200422172446200899,geneInfo_gene_729230,jax_gene_729230,uniprot_P41597,omnigene_729230
CD27,CD27,es_20200423071759608154,es_20200422172457014155,es_20200422172457014172,geneInfo_gene_939,jax_gene_939,uniprot_P26842,omnigene_939
CD244,CD244,es_20200423071757262334,es_20200422172454847912,es_20200422172454847930,geneInfo_gene_51744,,uniprot_Q9BZW8,omnigene_51744
CD38,CD38,es_20200423071806954768,es_20200422172518035623,es_20200422172518035640,geneInfo_gene_952,jax_gene_952,uniprot_P28907,omnigene_952
CD80,CD80,es_20200423071813598344,es_20200422172549529761,es_20200422172549529777,geneInfo_gene_941,,uniprot_P33681,omnigene_941
CD274,CD274,es_20200423071801022934,es_20200422172501035147,es_20200422172501035165,geneInfo_gene_29126,jax_gene_29126,uniprot_Q9NZQ7,omnigene_29126
CD28,CD28,es_20200423071802441452,es_20200422172508095938,es_20200422172508095956,geneInfo_gene_940,jax_gene_940,uniprot_P10747,omnigene_940
CD40,CD40,es_20200423071809305189,es_20200422172523262538,es_20200422172523262556,geneInfo_gene_958,jax_gene_958,uniprot_P25942,omnigene_958
CD3D,CD3D,es_20200423071804924824,es_20200422172509938321,es_20200422172509938339,geneInfo_gene_915,,uniprot_P04234,omnigene_915
CD3E,CD3E,es_20200423071804325764,es_20200422172513262349,es_20200422172513262367,geneInfo_gene_916,,uniprot_P07766,omnigene_916
CD3G,CD3G,es_20200423071806391353,es_20200422172515620117,es_20200422172515620134,geneInfo_gene_917,,uniprot_P09693,omnigene_917
CD40LG,CD40LG,es_20200423071810687838,es_20200422172525885539,es_20200422172525885557,geneInfo_gene_959,,uniprot_P29965,omnigene_959
CD74,CD74,es_20200513142815294000,es_20200422172540013565,es_20200422172540013582,geneInfo_gene_972,jax_gene_972,uniprot_P04233,omnigene_972
CD4,CD4,es_20200423071808341442,es_20200422172520373361,es_20200422172520373380,geneInfo_gene_920,jax_gene_920,uniprot_P01730,omnigene_920
CD79A,CD79A,es_20200513143804358000,es_20200422172542270522,es_20200422172542270538,geneInfo_gene_973,jax_gene_973,uniprot_P11912,omnigene_973
CD8B,CD8B,es_20200513153645789000,es_20200422172555342348,es_20200422172555342364,geneInfo_gene_926,jax_gene_926,uniprot_P10966,omnigene_926
CD44,CD44,es_20200507111245398000,es_20200422172534530036,es_20200422172534530055,geneInfo_gene_960,jax_gene_960,uniprot_P16070,omnigene_960
CD8A,CD8A,es_20200513153507329000,es_20200422172553594681,es_20200422172553594697,geneInfo_gene_925,jax_gene_925,uniprot_P01732,omnigene_925
CD68,CD68,es_20200423071811694284,es_20200422172538081305,es_20200422172538081321,geneInfo_gene_968,,uniprot_P34810,omnigene_968
CD8A,CD8A,es_20200513153507329000,es_20200422172553594681,es_20200422172553594697,geneInfo_gene_925,jax_gene_925,uniprot_P01732,omnigene_925
CD86,CD86,es_20200423071813711734,es_20200422172551249507,es_20200422172551249523,geneInfo_gene_942,,uniprot_P42081,omnigene_942
CHD2,CHD2,es_20200514144608593000,es_20200422172643215128,es_20200422172643215145,geneInfo_gene_1106,jax_gene_1106,uniprot_O14647,omnigene_1106
CDH1,CDH1,es_20200513152424128000,es_20200422172603333153,es_20200422172603333171,geneInfo_gene_999,jax_gene_999,uniprot_P12830,omnigene_999
CD8B,CD8B,es_20200513153645789000,es_20200422172555342348,es_20200422172555342364,geneInfo_gene_926,jax_gene_926,uniprot_P10966,omnigene_926
CDK4,CDK4,es_20200505130444264000,es_20200422172608878850,es_20200422172608878866,geneInfo_gene_1019,jax_gene_1019,uniprot_P11802,omnigene_1019
CDKN2A,CDKN2A,es_20200430101817983000,es_20200422172624107686,es_20200422172624107702,geneInfo_gene_1029,jax_gene_1029,uniprot_P42771,omnigene_1029
CDC73,CDC73,es_20200513152158895000,es_20200422172557609198,es_20200422172557609214,geneInfo_gene_79577,jax_gene_79577,uniprot_Q6P1J9,omnigene_79577
CDK8,CDK8,es_20200513163359375000,es_20200422172613865554,es_20200422172613865570,geneInfo_gene_1024,jax_gene_1024,uniprot_P49336,omnigene_1024
CDK12,CDK12,es_20200513155729905000,es_20200422172605398385,es_20200422172605398402,geneInfo_gene_51755,jax_gene_51755,uniprot_Q9NYV4,omnigene_51755
CDK6,CDK6,es_20200508111122666000,es_20200422172611719241,es_20200422172611719259,geneInfo_gene_1021,jax_gene_1021,uniprot_Q00534,omnigene_1021
CDKN2B,CDKN2B,es_20200514113822380000,es_20200422172625828448,es_20200422172625828464,geneInfo_gene_1030,jax_gene_1030,uniprot_P42772,omnigene_1030
FGFR2,FGFR2,es_20200424104336387000,es_20200422173145408927,es_20200422173145408943,geneInfo_gene_2263,jax_gene_2263,uniprot_P21802,omnigene_2263
CDKN1A,CDKN1A,es_20200514111157735000,es_20200422172618237584,es_20200422172618237602,geneInfo_gene_1026,jax_gene_1026,uniprot_P38936,omnigene_1026
CDKN1B,CDKN1B,es_20200514112316957000,es_20200422172620992235,es_20200422172620992253,geneInfo_gene_1027,jax_gene_1027,uniprot_P46527,omnigene_1027
CSF3R,CSF3R,es_20200515100005234000,es_20200422172712612340,es_20200422172712612356,geneInfo_gene_1441,jax_gene_1441,uniprot_Q99062,omnigene_1441
CEBPA,CEBPA,es_20200514140849344000,es_20200422172631300896,es_20200422172631300914,geneInfo_gene_1050,jax_gene_1050,uniprot_P49715,omnigene_1050
CDKN2C,CDKN2C,es_2020051413443151000,es_20200422172628794265,es_20200514134441547000,geneInfo_gene_1031,jax_gene_1031,uniprot_P42773,omnigene_1031
CHD4,CHD4,es_20200514153033423000,es_20200422172645582728,es_20200422172645582744,geneInfo_gene_1108,jax_gene_1108,uniprot_Q14839,omnigene_1108
CENPA,CENPA,es_20200514142618712000,es_20200422172640336192,es_20200422172640336210,geneInfo_gene_1058,jax_gene_1058,uniprot_P49450,omnigene_1058
CIC,CIC,es_20200514160801347000,es_20200422172653219292,es_20200422172653219308,geneInfo_gene_23152,jax_gene_23152,uniprot_Q96RK0,omnigene_23152
CRLF2,CRLF2,es_20200515092109205000,es_20200422172706147071,es_20200422172706147087,geneInfo_gene_64109,jax_gene_64109,uniprot_Q9HC73,omnigene_64109
CHEK1,CHEK1,es_20200514153849793000,es_20200422172648196636,es_20200422172648196653,geneInfo_gene_1111,jax_gene_1111,uniprot_O14757,omnigene_1111
CHEK2,CHEK2,es_20200507090829455000,es_20200422172651316650,es_20200422172651316671,geneInfo_gene_11200,jax_gene_11200,uniprot_O96017,omnigene_11200
CREBBP,CREBBP,es_20200514161909708000,es_20200422172701130956,es_20200422172701130974,geneInfo_gene_1387,jax_gene_1387,uniprot_Q92793,omnigene_1387
CSF1R,CSF1R,es_20200423071815372579,es_20200422172710118028,es_20200422172710118045,geneInfo_gene_1436,jax_gene_1436,uniprot_P07333,omnigene_1436
CSNK1A1,CSNK1A1,es_20200511103503318000,es_20200422172715853911,es_20200422172715853929,geneInfo_gene_1452,jax_gene_1452,uniprot_P48729,omnigene_1452
CSNK2A1,CSNK2A1,es_20200422172723908264,es_20200422172723908295,es_20200422172723908314,geneInfo_gene_1457,,uniprot_P68400,omnigene_1457
CTCF,CTCF,es_20200515102506922000,es_20200422172729029269,es_20200422172729029288,geneInfo_gene_10664,jax_gene_10664,uniprot_P49711,omnigene_10664
CUX1,CUX1,es_20200515113653589000,es_20200422172805076361,es_20200422172805076378,geneInfo_gene_1523,jax_gene_1523,uniprot_P39880,omnigene_1523
CTLA4,CTLA4,es_20200423071818753124,es_20200422172731290033,es_20200422172731290049,geneInfo_gene_1493,jax_gene_1493,uniprot_P16410,omnigene_1493
CTNNA1,CTNNA1,es_20200515105343194000,es_20200422172734436934,es_20200422172734436950,geneInfo_gene_1495,jax_gene_1495,uniprot_P35221,omnigene_1495
CTNNB1,CTNNB1,es_20200504165044267000,es_20200422172743598318,es_20200422172743598336,geneInfo_gene_1499,jax_gene_1499,uniprot_P35222,omnigene_1499
DAXX,DAXX,es_20200515125329210000,es_20200422172829815776,es_20200422172829815794,geneInfo_gene_1616,jax_gene_1616,uniprot_Q9UER7,omnigene_1616
CUL3,CUL3,es_20200515110945179000,es_20200422172800408736,es_20200422172800408754,geneInfo_gene_8452,jax_gene_8452,uniprot_Q13618,omnigene_8452
DIS3,DIS3,es_2020051516121616000,es_20200422172848021250,es_20200422172848021266,geneInfo_gene_22894,jax_gene_22894,uniprot_Q9Y2L1,omnigene_22894
CXCL10,CXCL10,es_20200423071820921272,es_20200422172808962276,es_20200422172808962294,geneInfo_gene_3627,,uniprot_P02778,omnigene_3627
DDX41,DDX41,es_20200515133403963000,es_20200422172838831476,es_20200422172838831492,geneInfo_gene_51428,jax_gene_51428,uniprot_Q9UJV9,omnigene_51428
CXCR4,CXCR4,es_2020051511540397000,es_20200422172814627255,es_20200422172814627272,geneInfo_gene_7852,jax_gene_7852,uniprot_P61073,omnigene_7852
CXCR6,CXCR6,es_20200423071822374793,es_20200422172816457786,es_20200422172816457802,geneInfo_gene_10663,,uniprot_O00574,omnigene_10663
CYLD,CYLD,es_20200515120336617000,es_20200422172824478082,es_20200422172824478101,geneInfo_gene_1540,jax_gene_1540,uniprot_Q9NQC7,omnigene_1540
DICER1,DICER1,es_20200515141413715000,es_20200422172846458140,es_20200422172846458156,geneInfo_gene_23405,jax_gene_23405,uniprot_Q9UPY3,omnigene_23405
DCUN1D1,DCUN1D1,es_20200515130250634000,es_20200422172832863909,es_20200515130245861000,geneInfo_gene_54165,jax_gene_54165,uniprot_Q96GG9,omnigene_54165
DDR2,DDR2,es_20200505091609514000,es_20200422172836294021,es_20200422172836294039,geneInfo_gene_4921,jax_gene_4921,uniprot_Q16832,omnigene_4921
DNAJB1,DNAJB1,es_20200518094407101000,es_20200422172850190868,es_20200422172850190887,geneInfo_gene_3337,jax_gene_3337,uniprot_P25685,omnigene_3337
DHX15,DHX15,es_20200515135936893000,es_20200422172843999292,es_20200422172843999308,geneInfo_gene_1665,jax_gene_1665,uniprot_O43143,omnigene_1665
DNMT1,DNMT1,es_20200518095900239000,es_20200422172852977804,es_20200422172852977821,geneInfo_gene_1786,jax_gene_1786,uniprot_P26358,omnigene_1786
DDX58,DDX58,es_20200423071822907863,es_20200422172842178675,es_20200422172842178692,geneInfo_gene_23586,,uniprot_O95786,omnigene_23586
EGFL7,EGFL7,es_20200518104813204000,es_20200422172906289964,es_20200422172906289980,geneInfo_gene_51162,jax_gene_51162,uniprot_Q9UHF1,omnigene_51162
EIF4E,EIF4E,es_20200518112652503000,es_20200422172923005857,es_20200422172923005873,geneInfo_gene_1977,jax_gene_1977,uniprot_P06730,omnigene_1977
ENTPD1,ENTPD1,es_20200423071823444878,es_20200422172927054319,es_20200422172927054336,geneInfo_gene_953,jax_gene_953,uniprot_P49961,omnigene_953
DNMT3A,DNMT3A,es_2020050611365735000,es_20200422172855052712,es_20200422172855052729,geneInfo_gene_1788,jax_gene_1788,uniprot_Q9Y6K1,omnigene_1788
E2F3,E2F3,es_20200518101928237000,es_20200422172902082632,es_20200422172902082649,geneInfo_gene_1871,jax_gene_1871,uniprot_O00716,omnigene_1871
EPHA7,EPHA7,es_20200518164451200000,es_20200422172946986931,es_20200422172946986947,geneInfo_gene_2045,jax_gene_2045,uniprot_Q15375,omnigene_2045
DNMT3B,DNMT3B,es_20200518100904455000,es_20200422172857988068,es_20200422172857988085,geneInfo_gene_1789,jax_gene_1789,uniprot_Q9UBC3,omnigene_1789
DOT1L,DOT1L,es_20200518101353404000,es_20200422172900509580,es_20200422172900509598,geneInfo_gene_84444,jax_gene_84444,uniprot_Q8TEK3,omnigene_84444
EIF4A2,EIF4A2,es_20200518111154195000,es_20200422172920136898,es_20200422172920136914,geneInfo_gene_1974,jax_gene_1974,uniprot_Q14240,omnigene_1974
EED,EED,es_20200518104329424000,es_20200422172903946552,es_20200422172903946568,geneInfo_gene_8726,jax_gene_8726,uniprot_O75530,omnigene_8726
EIF1AX,EIF1AX,es_20200518105800453000,es_20200422172917499035,es_20200422172917499052,geneInfo_gene_1964,jax_gene_1964,uniprot_P47813,omnigene_1964
EGFR,EGFR,es_20200430151852729000,es_20200422172914591232,es_20200422172914591250,geneInfo_gene_1956,jax_gene_1956,uniprot_P00533,omnigene_1956
EPCAM,EPCAM,es_20200518155822748000,es_20200422172941188854,es_20200422172941188870,geneInfo_gene_4072,jax_gene_4072,uniprot_P16422,omnigene_4072
EML4,EML4,es_20200518113917859000,es_20200422172924625221,es_20200422172924625237,geneInfo_gene_27436,jax_gene_27436,uniprot_Q9HC35,omnigene_27436
EPHA5,EPHA5,es_20200518162536901000,es_20200422172944673328,es_20200422172944673344,geneInfo_gene_2044,jax_gene_2044,uniprot_P54756,omnigene_2044
EP300,EP300,es_20200518115731937000,es_20200422172937605662,es_20200422172937605680,geneInfo_gene_2033,jax_gene_2033,uniprot_Q09472,omnigene_2033
EPHA3,EPHA3,es_20200518161101262000,es_20200422172943136086,es_20200422172943136110,geneInfo_gene_2042,jax_gene_2042,uniprot_P29320,omnigene_2042
ERCC1,ERCC1,es_20200519102013963000,es_20200422173000706329,es_20200422173000706345,geneInfo_gene_2067,jax_gene_2067,uniprot_P07992,omnigene_2067
ESR1,ESR1,es_20200505140034828000,es_20200422173016760912,es_20200422173016760928,geneInfo_gene_2099,jax_gene_2099,uniprot_P03372,omnigene_2099
EPHB1,EPHB1,es_20200518164921158000,es_20200422172949118703,es_20200422172949118719,geneInfo_gene_2047,jax_gene_2047,uniprot_P54762,omnigene_2047
ERCC2,ERCC2,es_20200519103001962000,es_20200422173003373946,es_20200422173003373963,geneInfo_gene_2068,jax_gene_2068,uniprot_P18074,omnigene_2068
ERBB2,ERBB2,es_20200501145448900000,es_20200422172952131380,es_20200513152943349000,geneInfo_gene_2064,jax_gene_2064,uniprot_P04626,omnigene_2064
ERCC4,ERCC4,es_20200519105117301000,es_20200422173008122994,es_20200422173008123011,geneInfo_gene_2072,jax_gene_2072,uniprot_Q92889,omnigene_2072
ERBB3,ERBB3,es_20200507132556962000,es_20200422172955326032,es_20200422172955326050,geneInfo_gene_2065,jax_gene_2065,uniprot_P21860,omnigene_2065
ERRFI1,ERRFI1,es_20200519125618636000,es_20200422173013223350,es_20200519121103136000,geneInfo_gene_54206,jax_gene_54206,uniprot_Q9UJM3,omnigene_54206
ERBB4,ERBB4,es_20200505100107283000,es_20200422172958944542,es_20200422172958944558,geneInfo_gene_2066,jax_gene_2066,uniprot_Q15303,omnigene_2066
ERCC5,ERCC5,es_20200519115156461000,es_20200422173009912124,es_20200422173009912140,geneInfo_gene_2073,jax_gene_2073,uniprot_P28715,omnigene_2073
AMER1,FAM123B,es_20200424104141159000,es_20200422173035106499,es_20200422173035106516,geneInfo_gene_139285,jax_gene_139285,uniprot_Q5JTC6,omnigene_139285
ERCC3,ERCC3,es_20200519104815931000,es_20200422173005550218,es_20200422173005550236,geneInfo_gene_2071,jax_gene_2071,uniprot_P19447,omnigene_2071
ETV5,ETV5,es_20200511104530528000,es_20200422173024563274,es_20200422173024563290,geneInfo_gene_2119,jax_gene_2119,uniprot_P41161,omnigene_2119
ERG,ERG,es_20200506095539781000,es_20200422173011704325,es_20200422173011704341,geneInfo_gene_2078,jax_gene_2078,uniprot_P11308,omnigene_2078
ETV1,ETV1,es_2020051111103300000,es_20200422173021338927,es_20200422173021338977,geneInfo_gene_2115,jax_gene_2115,uniprot_P50549,omnigene_2115
ETV4,ETV4,es_20200519140037392000,es_20200422173022853504,es_20200422173022853521,geneInfo_gene_2118,jax_gene_2118,uniprot_P43268,omnigene_2118
EWSR1,EWSR1,es_20200519142706357000,es_20200422173028761196,es_20200422173028761212,geneInfo_gene_2130,jax_gene_2130,uniprot_Q01844,omnigene_2130
ETS1,ETS1,es_20200519130933905000,es_20200422173018916280,es_20200422173018916303,geneInfo_gene_2113,jax_gene_2113,uniprot_P14921,omnigene_2113
FGF3,FGF3,es_20200520105705685000,es_20200422173129608934,es_20200422173129608950,geneInfo_gene_2248,jax_gene_2248,uniprot_P11487,omnigene_2248
ETV6,ETV6,es_20200519141505311000,es_20200422173026386935,es_20200422173026386952,geneInfo_gene_2120,jax_gene_2120,uniprot_P41212,omnigene_2120
FANCA,FANCA,es_20200519143723230000,es_20200422173041722470,es_20200422173041722487,geneInfo_gene_2175,jax_gene_2175,uniprot_O15360,omnigene_2175
EZH2,EZH2,es_20200508155508831000,es_20200422173032567203,es_20200422173032567221,geneInfo_gene_2146,jax_gene_2146,uniprot_Q15910,omnigene_2146
FANCD2,FANCD2,es_20200519145317796000,es_20200422173045664711,es_20200422173045664734,geneInfo_gene_2177,jax_gene_2177,uniprot_Q9BXW9,omnigene_2177
FANCI,FANCI,es_20200519154032238000,es_20200422173052515635,es_20200422173052515658,geneInfo_gene_55215,jax_gene_55215,uniprot_Q9NVI1,omnigene_55215
ABRAXAS1,FAM175A,es_20200501094315771000,es_20200422173036728421,es_20200422173036728437,geneInfo_gene_84142,jax_gene_84142,uniprot_Q6UWZ7,omnigene_84142
FANCF,FANCF,es_20200519151910913000,es_20200422173048947307,es_20200422173048947323,geneInfo_gene_2188,jax_gene_2188,uniprot_Q9NPI8,omnigene_2188
TENT5C,FAM46C,es_20200424104248405000,es_20200422173039389430,es_20200422173039389446,geneInfo_gene_54855,jax_gene_54855,uniprot_Q5VWP2,omnigene_54855
FANCE,FANCE,es_2020051914585430000,es_20200422173047368648,es_20200422173047368672,geneInfo_gene_2178,jax_gene_2178,uniprot_Q9HB96,omnigene_2178
FANCC,FANCC,es_20200519144907636000,es_20200422173043172369,es_20200422173043172385,geneInfo_gene_2176,jax_gene_2176,uniprot_Q00597,omnigene_2176
FANCG,FANCG,es_20200519153713168000,es_20200422173050580804,es_20200422173050580821,geneInfo_gene_2189,jax_gene_2189,uniprot_O15287,omnigene_2189
FAT1,FAT1,es_20200519154910189000,es_20200422173101834208,es_20200422173101834224,geneInfo_gene_2195,jax_gene_2195,uniprot_Q14517,omnigene_2195
FGF10,FGF10,es_20200520094121438000,es_20200422173118317079,es_20200422173118317095,geneInfo_gene_2255,jax_gene_2255,uniprot_O15520,omnigene_2255
FANCL,FANCL,es_20200519154816913000,es_20200422173056614660,es_20200422173056614677,geneInfo_gene_55120,jax_gene_55120,uniprot_Q9NW38,omnigene_55120
FGF14,FGF14,es_20200520095845307000,es_20200422173120547168,es_20200422173120547184,geneInfo_gene_2259,jax_gene_2259,uniprot_Q92915,omnigene_2259
FAS,FAS,es_20200519155636543000,es_20200422173100143048,es_20200422173100143064,geneInfo_gene_355,jax_gene_355,uniprot_P25445,omnigene_355
FGF2,FGF2,es_20200520101549806000,es_20200422173125776011,es_20200422173125776029,geneInfo_gene_2247,jax_gene_2247,uniprot_P09038,omnigene_2247
FBXW7,FBXW7,es_20200430142946895000,es_20200422173110374080,es_20200422173110374098,geneInfo_gene_55294,jax_gene_55294,uniprot_Q969H0,omnigene_55294
FGF1,FGF1,es_20200520090336629000,es_20200422173115575866,es_20200422173115575884,geneInfo_gene_2246,jax_gene_2246,uniprot_P05230,omnigene_2246
FGF23,FGF23,es_20200520103154471000,es_20200422173127431389,es_20200422173127431413,geneInfo_gene_8074,jax_gene_8074,uniprot_Q9GZV9,omnigene_8074
H3-3B,H3F3B,es_20200424104627630000,es_20200422173347215337,es_20200422173347215353,geneInfo_gene_3021,jax_gene_3021,uniprot_P84243,omnigene_3021
FGF9,FGF9,es_20200520114733115000,es_20200422173140685212,es_20200422173140685229,geneInfo_gene_2254,jax_gene_2254,uniprot_P31371,omnigene_2254
FGF4,FGF4,es_20200520110029810000,es_20200422173131013169,es_20200422173131013185,geneInfo_gene_2249,jax_gene_2249,uniprot_P08620,omnigene_2249
FGF7,FGF7,es_20200520112409721000,es_20200422173135542115,es_20200422173135542131,geneInfo_gene_2252,jax_gene_2252,uniprot_P21781,omnigene_2252
FGF19,FGF19,es_2020052010060639000,es_20200422173121981495,es_20200422173121981511,geneInfo_gene_9965,jax_gene_9965,uniprot_O95750,omnigene_9965
FGF5,FGF5,es_20200520111032864000,es_20200422173132591693,es_20200422173132591709,geneInfo_gene_2250,jax_gene_2250,uniprot_P12034,omnigene_2250
FGF6,FGF6,es_20200520112000576000,es_20200422173134100629,es_20200422173134100645,geneInfo_gene_2251,jax_gene_2251,uniprot_P10767,omnigene_2251
FGFR4,FGFR4,es_20200520130649285000,es_20200422173149711171,es_20200422173149711188,geneInfo_gene_2264,jax_gene_2264,uniprot_P22455,omnigene_2264
FRS2,FRS2,es_2020052015320983000,es_20200422173228883980,es_20200422173228883996,geneInfo_gene_10818,jax_gene_10818,uniprot_Q8WU20,omnigene_10818
FGF8,FGF8,es_20200520112932280000,es_20200422173138153584,es_20200422173138153602,geneInfo_gene_2253,jax_gene_2253,uniprot_P55075,omnigene_2253
FGFR1,FGFR1,es_20200505093912748000,es_20200422173143175843,es_20200422173143175860,geneInfo_gene_2260,jax_gene_2260,uniprot_P11362,omnigene_2260
FLT4,FLT4,es_20200520140123879000,es_20200422173210515654,es_20200422173210515671,geneInfo_gene_2324,jax_gene_2324,uniprot_P35916,omnigene_2324
FGFR3,FGFR3,es_20200505130931758000,es_20200422173147895666,es_20200422173147895682,geneInfo_gene_2261,jax_gene_2261,uniprot_P22607,omnigene_2261
FH,FH,es_20200520131715593000,es_20200422173152233116,es_20200422173152233134,geneInfo_gene_2271,jax_gene_2271,uniprot_P07954,omnigene_2271
FLCN,FLCN,es_20200520132904206000,es_20200422173158880751,es_20200422173158880769,geneInfo_gene_201163,jax_gene_201163,uniprot_Q8NFG4,omnigene_201163
FLT3,FLT3,es_20200506113034119000,es_20200422173208665677,es_20200422173208665696,geneInfo_gene_2322,jax_gene_2322,uniprot_P36888,omnigene_2322
FOXL2,FOXL2,es_20200508134627110000,es_20200422173214443306,es_20200422173214443322,geneInfo_gene_668,jax_gene_668,uniprot_P58012,omnigene_668
FLI1,FLI1,es_20200520134204763000,es_20200422173203170551,es_20200422173203170569,geneInfo_gene_2313,jax_gene_2313,uniprot_Q01543,omnigene_2313
FOXA1,FOXA1,es_20200520141323914000,es_20200422173212773564,es_20200422173212773581,geneInfo_gene_3169,jax_gene_3169,uniprot_P55317,omnigene_3169
FLT1,FLT1,es_20200520135104794000,es_20200422173205871883,es_20200422173205871900,geneInfo_gene_2321,jax_gene_2321,uniprot_P17948,omnigene_2321
FOXO1,FOXO1,es_20200520142241252000,es_20200422173216938145,es_20200422173216938162,geneInfo_gene_2308,jax_gene_2308,uniprot_Q12778,omnigene_2308
FOXP1,FOXP1,es_20200520142656146000,es_20200422173221971844,es_20200422173221971862,geneInfo_gene_27086,jax_gene_27086,uniprot_Q9H334,omnigene_27086
GABRA6,GABRA6,es_20200520160410883000,es_20200422173234229034,es_20200422173234229051,geneInfo_gene_2559,jax_gene_2559,uniprot_Q16445,omnigene_2559
FOXP3,FOXP3,es_20200423071824428406,es_20200422173226537807,es_20200422173226537826,geneInfo_gene_50943,,uniprot_Q9BZS1,omnigene_50943
GATA2,GATA2,es_2020050813334274000,es_20200422173240764000,es_20200422173240764016,geneInfo_gene_2624,jax_gene_2624,uniprot_P23769,omnigene_2624
FUBP1,FUBP1,es_20200520154237407000,es_20200422173230310458,es_20200422173230310474,geneInfo_gene_8880,jax_gene_8880,uniprot_Q96AE4,omnigene_8880
FYN,FYN,es_20200520154611658000,es_20200422173232805334,es_20200422173232805350,geneInfo_gene_2534,jax_gene_2534,uniprot_P06241,omnigene_2534
GATA3,GATA3,es_20200423071825393326,es_20200422173242735723,es_20200422173242735740,geneInfo_gene_2625,jax_gene_2625,uniprot_P23771,omnigene_2625
GID4,GID4,es_20200521095324493000,es_20200422173302030308,es_20200422173302030326,geneInfo_gene_79018,jax_gene_79018,uniprot_Q8IVV7,omnigene_79018
GRM3,GRM3,es_20200521112933858000,es_20200422173333921183,es_20200422173333921200,geneInfo_gene_2913,jax_gene_2913,uniprot_Q14832,omnigene_2913
GAS6,GAS6,es_20200422173236665992,es_20200422173236666010,es_20200422173236666026,geneInfo_gene_2621,,uniprot_Q14393,omnigene_2621
GATA1,GATA1,es_20200520161341423000,es_20200422173238757556,es_20200422173238757575,geneInfo_gene_2623,jax_gene_2623,uniprot_P15976,omnigene_2623
GATA4,GATA4,es_20200520162139806000,es_20200422173246846676,es_20200422173246846694,geneInfo_gene_2626,jax_gene_2626,uniprot_P43694,omnigene_2626
GNA11,GNA11,es_20200508105420264000,es_20200422173309504852,es_20200422173309504869,geneInfo_gene_2767,jax_gene_2767,uniprot_P29992,omnigene_2767
GATA6,GATA6,es_20200520162304331000,es_20200422173253161274,es_20200422173253161293,geneInfo_gene_2627,jax_gene_2627,uniprot_Q92908,omnigene_2627
GEN1,GEN1,es_20200520162808467000,es_20200422173259024333,es_20200422173259024350,geneInfo_gene_348654,jax_gene_348654,uniprot_Q17RS7,omnigene_348654
GLI1,GLI1,es_20200521100314419000,es_20200422173307289247,es_20200422173307289264,geneInfo_gene_2735,jax_gene_2735,uniprot_P08151,omnigene_2735
GNAQ,GNAQ,es_20200424104425236000,es_20200422173315825485,es_20200422173315825502,geneInfo_gene_2776,jax_gene_2776,uniprot_P50148,omnigene_2776
GNA13,GNA13,es_20200521103550602000,es_20200422173313668606,es_20200422173313668624,geneInfo_gene_10672,jax_gene_10672,uniprot_Q14344,omnigene_10672
GNAS,GNAS,es_20200506131928368000,es_20200422173318541094,es_20200422173318541110,geneInfo_gene_2778,jax_gene_2778,uniprot_Q5JWF2,omnigene_2778
GREM1,GREM1,es_20200521105716443000,es_20200422173328416259,es_20200422173328416277,geneInfo_gene_26585,jax_gene_26585,uniprot_O60565,omnigene_26585
H3-5,H3F3C,es_20200424104659708000,es_20200422173348720552,es_20200422173348720569,geneInfo_gene_440093,jax_gene_440093,uniprot_Q6NXT2,omnigene_440093
ADGRA2,GPR124,es_2020042410444502000,es_20200422173321459945,es_20200422173321459963,geneInfo_gene_25960,jax_gene_25960,uniprot_Q96PE1,omnigene_25960
GZMB,GZMB,es_20200423071826358688,es_20200422173341121022,es_20200422173341121039,geneInfo_gene_3002,,uniprot_P10144,omnigene_3002
GPS2,GPS2,es_20200521104240118000,es_20200422173325456963,es_20200422173325456980,geneInfo_gene_2874,jax_gene_2874,uniprot_Q13227,omnigene_2874
GRIN2A,GRIN2A,es_20200521111450533000,es_20200422173332128066,es_20200422173332128084,geneInfo_gene_2903,jax_gene_2903,uniprot_Q12879,omnigene_2903
HGF,HGF,es_20200521113340289000,es_20200422173358090452,es_20200422173358090469,geneInfo_gene_3082,jax_gene_3082,uniprot_P14210,omnigene_3082
H3C2,HIST1H3B,es_20200521114114784000,es_20200422173406683474,es_20200422173406683491,geneInfo_gene_8358,jax_gene_8358,uniprot_P68431,omnigene_8358
H3C10,HIST1H3H,es_20200521135454376000,es_20200422173419376117,es_20200422173419376134,geneInfo_gene_8357,jax_gene_8357,uniprot_P68431,omnigene_8357
GSK3B,GSK3B,es_20200424104522427000,es_20200422173338678673,es_20200422173338678691,geneInfo_gene_2932,jax_gene_2932,uniprot_P49841,omnigene_2932
IDH1,IDH1,es_20200505102725124000,es_20200422173526227208,es_20200422173526227224,geneInfo_gene_3417,jax_gene_3417,uniprot_O75874,omnigene_3417
H1-2,HIST1H1C,es_20200427111551279000,es_20200422173359647016,es_20200422173359647033,geneInfo_gene_3006,jax_gene_3006,uniprot_P16403,omnigene_3006
H3C6,HIST1H3E,es_20200521135025869000,es_20200422173409632740,es_20200422173409632757,geneInfo_gene_8353,jax_gene_8353,uniprot_P68431,omnigene_8353
H3-3A,H3F3A,es_20200424104559603000,es_20200422173343782919,es_20200422173343782936,geneInfo_gene_3020,jax_gene_3020,uniprot_P84243,omnigene_3020
H3C11,HIST1H3I,es_20200521135604736000,es_20200422173422405349,es_20200422173422405366,geneInfo_gene_8354,jax_gene_8354,uniprot_P68431,omnigene_8354
HAVCR2,HAVCR2,es_20200423071826874947,es_20200422173354524555,es_20200422173354524573,geneInfo_gene_84868,,uniprot_Q8TDQ0,omnigene_84868
H2BC5,HIST1H2BD,es_20200427111616584000,es_20200422173401499403,es_20200422173401499419,geneInfo_gene_3017,jax_gene_3017,uniprot_P58876,omnigene_3017
H3C14,HIST2H3C,es_20200521162659985000,es_20200422173430506850,es_20200422173430506866,geneInfo_gene_126961,jax_gene_126961,uniprot_Q71DI3,omnigene_126961
H3C1,HIST1H3A,es_20200521113904395000,es_20200422173404122361,es_20200422173404122377,geneInfo_gene_8350,jax_gene_8350,uniprot_P68431,omnigene_8350
H3C12,HIST1H3J,es_20200521135725506000,es_20200422173425386471,es_20200422173425386487,geneInfo_gene_8356,jax_gene_8356,uniprot_P68431,omnigene_8356
H3C8,HIST1H3G,es_20200521135305182000,es_20200422173416147782,es_20200422173416147798,geneInfo_gene_8355,jax_gene_8355,uniprot_P68431,omnigene_8355
H3C13,HIST2H3D,es_2020052116273328000,es_20200422173433381307,es_20200422173433381323,geneInfo_gene_653604,jax_gene_653604,uniprot_Q71DI3,omnigene_653604
H3C7,HIST1H3F,es_20200521135144118000,es_20200422173413104969,es_20200422173413104985,geneInfo_gene_8968,jax_gene_8968,uniprot_P68431,omnigene_8968
H3C15,HIST2H3A,es_20200521162613779000,es_20200422173427833802,es_20200422173427833818,geneInfo_gene_333932,jax_gene_333932,uniprot_Q71DI3,omnigene_333932
H3-4,HIST3H3,es_20200521162945514000,es_20200422173435561132,es_20200422173435561148,geneInfo_gene_8290,jax_gene_8290,uniprot_Q16695,omnigene_8290
HLA-A,HLA-A,es_20200522064658947000,es_20200422173453250499,es_20200422173453250517,geneInfo_gene_3105,jax_gene_3105,uniprot_P04439,omnigene_3105
HNF1A,HNF1A,es_20200507154915305000,es_20200422173458239850,es_20200422173458239868,geneInfo_gene_6927,jax_gene_6927,uniprot_P20823,omnigene_6927
ICOSLG,ICOSLG,es_20200423071827962816,es_20200422173521516511,es_20200422173521516527,geneInfo_gene_23308,jax_gene_23308,uniprot_O75144,omnigene_23308
HNRNPK,HNRNPK,es_20200522065056755000,es_20200422173501056960,es_20200422173501056976,geneInfo_gene_3190,jax_gene_3190,uniprot_P61978,omnigene_3190
HSD3B1,HSD3B1,es_20200522070436205000,es_20200422173510271888,es_20200422173510271904,geneInfo_gene_3283,jax_gene_3283,uniprot_P14060,omnigene_3283
HOXB13,HOXB13,es_20200522065525782000,es_20200422173503561102,es_20200422173503561120,geneInfo_gene_10481,jax_gene_10481,uniprot_Q92826,omnigene_10481
ICOS,ICOS,es_20200423071827852601,es_20200422173519292158,es_20200422173519292174,geneInfo_gene_29851,,uniprot_Q9Y6W8,omnigene_29851
HRAS,HRAS,es_20200506143001122000,es_20200422173507972070,es_20200422173507972088,geneInfo_gene_3265,jax_gene_3265,uniprot_P01112,omnigene_3265
ID3,ID3,es_2020052207274273000,es_20200422173523087141,es_20200422173523087157,geneInfo_gene_3399,jax_gene_3399,uniprot_Q02535,omnigene_3399
HSP90AA1,HSP90AA1,es_20200522071629466000,es_20200422173516957137,es_20200422173516957155,geneInfo_gene_3320,jax_gene_3320,uniprot_P07900,omnigene_3320
IFNG,IFNG,es_20200423071831143175,es_20200422173539129677,es_20200422173539129693,geneInfo_gene_3458,,uniprot_P01579,omnigene_3458
IGF1R,IGF1R,es_20200508115244277000,es_20200422173550464759,es_20200422173550464775,geneInfo_gene_3480,jax_gene_3480,uniprot_P08069,omnigene_3480
IDH2,IDH2,es_20200508103205467000,es_20200422173528854913,es_20200422173528854930,geneInfo_gene_3418,jax_gene_3418,uniprot_P48735,omnigene_3418
IFITM1,IFITM1,es_20200422173534796036,es_20200422173534796054,es_20200422173534796070,geneInfo_gene_8519,,uniprot_P13164,omnigene_8519
IDO1,IDO1,es_20200423071829387375,es_20200422173532744768,es_20200422173532744786,geneInfo_gene_3620,jax_gene_3620,uniprot_P14902,omnigene_3620
IFITM3,IFITM3,es_20200422173536865049,es_20200422173536865067,es_20200422173536865083,geneInfo_gene_10410,,uniprot_Q01628,omnigene_10410
IL7R,IL7R,es_20200522084056934000,es_20200422173611075220,es_20200422173611075236,geneInfo_gene_3575,jax_gene_3575,uniprot_P16871,omnigene_3575
IFNGR1,IFNGR1,es_20200522075154734000,es_20200422173542048749,es_20200422173542048767,geneInfo_gene_3459,jax_gene_3459,uniprot_P15260,omnigene_3459
IL1B,IL1B,es_20200423071833323717,es_20200422173605639597,es_20200422173605639615,geneInfo_gene_3553,,uniprot_P01584,omnigene_3553
IGF1,IGF1,es_2020052207550989000,es_20200422173546657029,es_20200422173546657046,geneInfo_gene_3479,jax_gene_3479,uniprot_P05019,omnigene_3479
IKBKE,IKBKE,es_20200522081526134000,es_20200422173555789646,es_20200422173555789663,geneInfo_gene_9641,jax_gene_9641,uniprot_Q14164,omnigene_9641
IGF2,IGF2,es_20200522080638230000,es_20200422173553592149,es_20200422173553592167,geneInfo_gene_3481,jax_gene_3481,uniprot_P01344,omnigene_3481
IL6,IL6,es_20200422173608404145,es_20200422173608404163,es_20200422173608404179,geneInfo_gene_3569,jax_gene_3569,uniprot_P05231,omnigene_3569
IKZF1,IKZF1,es_20200522082917809000,es_20200422173558707152,es_20200422173558707171,geneInfo_gene_10320,jax_gene_10320,uniprot_Q13422,omnigene_10320
INHA,INHA,es_20200522095650774000,es_20200422173612536262,es_20200422173612536279,geneInfo_gene_3623,jax_gene_3623,uniprot_P05111,omnigene_3623
IL10,IL10,es_20200423071832407139,es_20200422173602225096,es_20200422173602225114,geneInfo_gene_3586,jax_gene_3586,uniprot_P22301,omnigene_3586
IRF4,IRF4,es_20200522110253530000,es_20200422173630684843,es_20200422173630684859,geneInfo_gene_3662,jax_gene_3662,uniprot_Q15306,omnigene_3662
KLHL6,KLHL6,es_20200522144423624000,es_20200422173724816499,es_20200422173724816515,geneInfo_gene_89857,jax_gene_89857,uniprot_Q8WZ60,omnigene_89857
INHBA,INHBA,es_20200522100418323000,es_20200422173614459218,es_20200422173614459234,geneInfo_gene_3624,jax_gene_3624,uniprot_P08476,omnigene_3624
IRF2,IRF2,es_2020052210564569000,es_20200422173627918153,es_20200422173627918170,geneInfo_gene_3660,jax_gene_3660,uniprot_P14316,omnigene_3660
IRS2,IRS2,es_2020052211150472000,es_20200422173634639538,es_20200422173634639554,geneInfo_gene_8660,jax_gene_8660,uniprot_Q9Y4H2,omnigene_8660
INPP4A,INPP4A,es_20200522102813154000,es_20200422173617632538,es_20200422173617632556,geneInfo_gene_3631,jax_gene_3631,uniprot_Q96PE3,omnigene_3631
INPP4B,INPP4B,es_20200522103850497000,es_20200422173621160279,es_20200422173621160297,geneInfo_gene_8821,jax_gene_8821,uniprot_O15327,omnigene_8821
IRS1,IRS1,es_20200522111346816000,es_20200422173632823005,es_20200422173632823022,geneInfo_gene_3667,jax_gene_3667,uniprot_P35568,omnigene_3667
INSR,INSR,es_2020052210474805000,es_20200422173625319400,es_20200422173625319418,geneInfo_gene_3643,jax_gene_3643,uniprot_P06213,omnigene_3643
JAK3,JAK3,es_20200505141805400000,es_20200422173644292974,es_20200422173644292991,geneInfo_gene_3718,jax_gene_3718,uniprot_P52333,omnigene_3718
KAT6A,KAT6A,es_20200522113911918000,es_20200422173650804638,es_20200422173650804654,geneInfo_gene_7994,jax_gene_7994,uniprot_Q92794,omnigene_7994
KEL,KEL,es_20200522134422597000,es_20200422173715098926,es_20200422173715098942,geneInfo_gene_3792,jax_gene_3792,uniprot_P23276,omnigene_3792
JAK1,JAK1,es_20200507095557879000,es_20200422173637455842,es_20200422173637455860,geneInfo_gene_3716,jax_gene_3716,uniprot_P23458,omnigene_3716
JAK2,JAK2,es_20200506164731921000,es_20200422173641970891,es_20200422173641970909,geneInfo_gene_3717,jax_gene_3717,uniprot_O60674,omnigene_3717
JUN,JUN,es_20200522112558244000,es_20200422173648303372,es_20200422173648303390,geneInfo_gene_3725,jax_gene_3725,uniprot_P05412,omnigene_3725
KDM5A,KDM5A,es_20200522114301974000,es_20200422173654354982,es_20200422173654355000,geneInfo_gene_5927,jax_gene_5927,uniprot_P29375,omnigene_5927
KDM5C,KDM5C,es_20200522115106281000,es_20200422173656947953,es_20200422173656947972,geneInfo_gene_8242,jax_gene_8242,uniprot_P41229,omnigene_8242
KDR,KDR,es_20200501154146874000,es_20200422173704248223,es_20200422173704248240,geneInfo_gene_3791,jax_gene_3791,uniprot_P35968,omnigene_3791
KDM6A,KDM6A,es_20200522132117406000,es_20200422173700236351,es_20200422173700236369,geneInfo_gene_7403,jax_gene_7403,uniprot_O15550,omnigene_7403
KEAP1,KEAP1,es_20200522132701627000,es_20200422173711442354,es_20200422173711442372,geneInfo_gene_9817,jax_gene_9817,uniprot_Q14145,omnigene_9817
KMT2C,KMT2C,es_20200522145059157000,es_20200422173732236569,es_20200422173732236588,geneInfo_gene_58508,jax_gene_58508,uniprot_Q8NEZ4,omnigene_58508
KLRD1,KLRD1,es_20200423071833450029,es_20200422173727039836,es_20200422173727039852,geneInfo_gene_3824,,uniprot_Q13241,omnigene_3824
KIF5B,KIF5B,es_20200522135301814000,es_20200422173717919952,es_20200422173717919971,geneInfo_gene_3799,jax_gene_3799,uniprot_P33176,omnigene_3799
KIT,KIT,es_20200505102542505000,es_20200422173720745492,es_20200422173720745509,geneInfo_gene_3815,jax_gene_3815,uniprot_P10721,omnigene_3815
LYN,LYN,es_20200526103446949000,es_20200422173800932366,es_20200422173800932382,geneInfo_gene_4067,jax_gene_4067,uniprot_P07948,omnigene_4067
KLF4,KLF4,es_20200522143711945000,es_20200422173723277668,es_20200422173723277685,geneInfo_gene_9314,jax_gene_9314,uniprot_O43474,omnigene_9314
KMT2D,KMT2D,es_20200526085832760000,es_20200422173735531531,es_20200422173735531548,geneInfo_gene_8085,jax_gene_8085,uniprot_O14686,omnigene_8085
LAMP1,LAMP1,es_20200526093021751000,es_20200422173748969134,es_20200422173748969150,geneInfo_gene_3916,jax_gene_3916,uniprot_P11279,omnigene_3916
LMO1,LMO1,es_20200526101354883000,es_20200422173755968843,es_20200422173755968860,geneInfo_gene_4004,jax_gene_4004,uniprot_P25800,omnigene_4004
KMT2B,KMT2B,es_2020052608521191000,es_20200422173729451642,es_20200422173729451661,geneInfo_gene_9757,jax_gene_9757,uniprot_Q9UMN6,omnigene_9757
KNSTRN,KNSTRN,es_20200506152822550000,es_20200422173739355415,es_20200422173739355433,geneInfo_gene_90417,jax_gene_90417,uniprot_Q9Y448,omnigene_90417
MALT1,MALT1,es_20200526115129182000,es_20200422173811789326,es_20200422173811789342,geneInfo_gene_10892,jax_gene_10892,uniprot_Q9UDY8,omnigene_10892
KRAS,KRAS,es_20200429163144759000,es_20200422173743640869,es_20200422173743640887,geneInfo_gene_3845,jax_gene_3845,uniprot_P01116,omnigene_3845
LAG3,LAG3,es_20200423071834326365,es_20200422173747039823,es_20200422173747039841,geneInfo_gene_3902,jax_gene_3902,uniprot_P18627,omnigene_3902
LATS1,LATS1,es_20200526094333690000,es_20200422173751961094,es_20200422173751961112,geneInfo_gene_9113,jax_gene_9113,uniprot_O95835,omnigene_9113
LRP1B,LRP1B,es_20200526102701847000,es_20200422173758716214,es_20200422173758716230,geneInfo_gene_53353,jax_gene_53353,uniprot_Q9NZR2,omnigene_53353
MAGI2,MAGI2,es_2020052611410861000,es_20200422173806596314,es_20200422173806596331,geneInfo_gene_9863,jax_gene_9863,uniprot_Q86UL8,omnigene_9863
LATS2,LATS2,es_20200526100235302000,es_20200422173754390396,es_20200422173754390413,geneInfo_gene_26524,jax_gene_26524,uniprot_Q9NRM7,omnigene_26524
MAP2K1,MAP2K1,es_20200506111901435000,es_20200422173814422318,es_20200422173814422336,geneInfo_gene_5604,jax_gene_5604,uniprot_Q02750,omnigene_5604
MAP3K1,MAP3K1,es_20200526134039982000,es_20200422173821449166,es_20200422173821449183,geneInfo_gene_4214,jax_gene_4214,uniprot_Q13233,omnigene_4214
LZTR1,LZTR1,es_20200526104936206000,es_20200422173804051558,es_20200422173804051577,geneInfo_gene_8216,jax_gene_8216,uniprot_Q8N653,omnigene_8216
MAP2K4,MAP2K4,es_20200526115415999000,es_20200422173818847988,es_20200422173818848004,geneInfo_gene_6416,jax_gene_6416,uniprot_P45985,omnigene_6416
MAPK1,MAPK1,es_20200508114300819000,es_20200422173828800064,es_20200422173828800080,geneInfo_gene_5594,jax_gene_5594,uniprot_P28482,omnigene_5594
MCL1,MCL1,es_20200508143128772000,es_20200422173837200401,es_20200422173837200417,geneInfo_gene_4170,jax_gene_4170,uniprot_Q07820,omnigene_4170
MAGOH,MAGOH,es_20200422173808988083,es_20200422173808988109,es_20200422173808988127,geneInfo_gene_4116,,uniprot_P61326,omnigene_4116
MAP2K2,MAP2K2,es_20200511103234722000,es_20200422173816552663,es_20200422173816552681,geneInfo_gene_5605,jax_gene_5605,uniprot_P36507,omnigene_5605
MAPK3,MAPK3,es_20200526143849909000,es_20200422173831582022,es_20200526143255905000,geneInfo_gene_5595,jax_gene_5595,uniprot_P27361,omnigene_5595
MAX,MAX,es_20200507162935179000,es_20200422173834618513,es_20200422173834618529,geneInfo_gene_4149,jax_gene_4149,uniprot_P61244,omnigene_4149
MET,MET,es_20200501133944648000,es_20200422173902363874,es_20200422173902363890,geneInfo_gene_4233,jax_gene_4233,uniprot_P08581,omnigene_4233
MAP3K13,MAP3K13,es_20200526140806189000,es_20200422173823165902,es_20200422173823165918,geneInfo_gene_9175,jax_gene_9175,uniprot_O43283,omnigene_9175
MAP3K4,MAP3K4,es_20200526142453634000,es_20200422173825176646,es_20200422173825176663,geneInfo_gene_4216,jax_gene_4216,uniprot_Q9Y6R4,omnigene_4216
MED12,MED12,es_2020050715552133000,es_20200422173854548117,es_20200422173854548133,geneInfo_gene_9968,jax_gene_9968,uniprot_Q93074,omnigene_9968
MDC1,MDC1,es_20200526144525438000,es_20200422173839384372,es_20200422173839384388,geneInfo_gene_9656,jax_gene_9656,uniprot_Q14676,omnigene_9656
MITF,MITF,es_20200526155014214000,es_20200422173907194602,es_20200422173907194619,geneInfo_gene_4286,jax_gene_4286,uniprot_O75030,omnigene_4286
MDM2,MDM2,es_20200505104754983000,es_20200422173848488749,es_20200422173848488767,geneInfo_gene_4193,jax_gene_4193,uniprot_Q00987,omnigene_4193
MEN1,MEN1,es_20200526151247492000,es_20200422173858514751,es_20200422173858514767,geneInfo_gene_4221,jax_gene_4221,uniprot_O00255,omnigene_4221
MDM4,MDM4,es_20200508162420509000,es_20200422173852349483,es_20200422173852349499,geneInfo_gene_4194,jax_gene_4194,uniprot_O15151,omnigene_4194
MEF2B,MEF2B,es_20200526145651200000,es_20200422173855967701,es_20200422173855967717,geneInfo_gene_100271849,jax_gene_100271849,uniprot_Q02080,omnigene_100271849
MPL,MPL,es_2020051111175472000,es_20200422173924788271,es_20200422173924788287,geneInfo_gene_4352,jax_gene_4352,uniprot_P40238,omnigene_4352
MYCL,MYCL,es_20200507143656621000,es_20200422174018250907,es_20200422174018250924,geneInfo_gene_4610,jax_gene_4610,uniprot_P12524,omnigene_4610
MLH1,MLH1,es_20200507150244627000,es_20200422173910571665,es_20200422173910571681,geneInfo_gene_4292,jax_gene_4292,uniprot_P40692,omnigene_4292
MGA,MGA,es_20200526153016574000,es_20200422173904813862,es_20200422173904813878,geneInfo_gene_23269,jax_gene_23269,uniprot_Q8IWI9,omnigene_23269
KMT2A,MLL,es_20200422173916192819,es_20200422173916192846,es_20200422173916192864,geneInfo_gene_4297,jax_gene_4297,uniprot_Q03164,omnigene_4297
MS4A1,MS4A1,es_20200423071840266890,es_20200422173936075620,es_20200422173936075637,geneInfo_gene_931,jax_gene_931,uniprot_P11836,omnigene_931
MLLT3,MLLT3,es_20200526160142465000,es_20200422173921707214,es_20200526160300427000,geneInfo_gene_4300,jax_gene_4300,uniprot_P42568,omnigene_4300
MRE11,MRE11A,es_20200527095253686000,es_20200422173932811577,es_20200422173932811596,geneInfo_gene_4361,jax_gene_4361,uniprot_P49959,omnigene_4361
MST1R,MST1R,es_2020052710324749000,es_20200422173948404524,es_20200422173948404540,geneInfo_gene_4486,jax_gene_4486,uniprot_Q04912,omnigene_4486
MUTYH,MUTYH,es_20200527105328265000,es_20200422174007073417,es_20200422174007073434,geneInfo_gene_4595,jax_gene_4595,uniprot_Q9UIF7,omnigene_4595
MSH2,MSH2,es_20200504162329483000,es_20200422173939768040,es_20200422173939768058,geneInfo_gene_4436,jax_gene_4436,uniprot_P43246,omnigene_4436
MST1,MST1,es_20200527102943643000,es_20200422173946200045,es_20200422173946200061,geneInfo_gene_4485,jax_gene_4485,uniprot_P26927,omnigene_4485
MSH3,MSH3,es_20200527100418397000,es_20200422173941755859,es_20200422173941755876,geneInfo_gene_4437,jax_gene_4437,uniprot_P20585,omnigene_4437
MYB,MYB,es_20200527105752901000,es_20200422174011914463,es_20200422174011914479,geneInfo_gene_4602,jax_gene_4602,uniprot_P10242,omnigene_4602
MSH6,MSH6,es_20200527100954653000,es_20200422173944238172,es_20200422173944238189,geneInfo_gene_2956,jax_gene_2956,uniprot_P52701,omnigene_2956
MX1,MX1,es_20200423071843538369,es_20200422174009851109,es_20200422174009851125,geneInfo_gene_4599,,uniprot_P20591,omnigene_4599
MTOR,MTOR,es_20200527103325439000,es_20200422174001098266,es_20200422174001098285,geneInfo_gene_2475,jax_gene_2475,uniprot_P42345,omnigene_2475
MYCN,MYCN,es_2020050810525473000,es_20200422174020190488,es_20200422174020190504,geneInfo_gene_4613,jax_gene_4613,uniprot_P04198,omnigene_4613
MYCL,MYCL1,es_20200507143656621000,es_20200422174018250907,es_20200422174018250924,geneInfo_gene_4610,jax_gene_4610,uniprot_P12524,omnigene_4610
NCOR1,NCOR1,es_20200527143729640000,es_20200422174044320243,es_20200422174044320262,geneInfo_gene_9611,jax_gene_9611,uniprot_O75376,omnigene_9611
MYC,MYC,es_20200505101021720000,es_20200422174014843626,es_20200422174014843644,geneInfo_gene_4609,jax_gene_4609,uniprot_P01106,omnigene_4609
MYOD1,MYOD1,es_20200527111014189000,es_20200422174035788677,es_20200422174035788693,geneInfo_gene_4654,jax_gene_4654,uniprot_P15172,omnigene_4654
MYD88,MYD88,es_20200508093345982000,es_20200422174027501184,es_20200422174027501202,geneInfo_gene_4615,jax_gene_4615,uniprot_Q99836,omnigene_4615
MYO18A,MYO18A,es_20200422174032134745,es_20200422174032134773,es_20200422174032134791,geneInfo_gene_399687,jax_gene_399687,uniprot_Q92614,omnigene_399687
NCOA3,NCOA3,es_20200527142940118000,es_20200422174041921169,es_20200422174041921185,geneInfo_gene_8202,jax_gene_8202,uniprot_Q9Y6Q9,omnigene_8202
NF1,NF1,es_20200430130244487000,es_20200422174048596181,es_20200422174048596197,geneInfo_gene_4763,jax_gene_4763,uniprot_P21359,omnigene_4763
NAB2,NAB2,es_20200527112721615000,es_20200422174037618727,es_20200422174037618744,geneInfo_gene_4665,jax_gene_4665,uniprot_Q15742,omnigene_4665
NKX2-1,NKX2-1,es_20200507085434461000,es_20200422174100477980,es_20200422174100477999,geneInfo_gene_7080,jax_gene_7080,uniprot_P43699,omnigene_7080
NBN,NBN,es_20200527131819356000,es_20200422174040123198,es_20200422174040123214,geneInfo_gene_4683,jax_gene_4683,uniprot_O60934,omnigene_4683
PNRC1,PNRC1,es_20200529143603650000,es_20200422174335324532,es_20200422174335324555,geneInfo_gene_10957,jax_gene_10957,uniprot_Q12796,omnigene_10957
PREX2,PREX2,es_20200601131303186000,es_20200422174409895513,es_20200422174409895529,geneInfo_gene_80243,jax_gene_80243,uniprot_Q70Z35,omnigene_80243
NEGR1,NEGR1,es_20200527145321198000,es_20200422174046039532,es_20200422174046039548,geneInfo_gene_257194,jax_gene_257194,uniprot_Q7Z3B1,omnigene_257194
NKX2-8,NKX2-8,es_20200422174101891767,es_20200422174101891785,es_20200422174101891801,geneInfo_gene_26257,,uniprot_O15522,omnigene_26257
NFKBIA,NFKBIA,es_2020052715081327000,es_20200422174058096807,es_20200422174058096824,geneInfo_gene_4792,jax_gene_4792,uniprot_P25963,omnigene_4792
NF2,NF2,es_20200501115313670000,es_20200422174050668597,es_20200422174050668613,geneInfo_gene_4771,jax_gene_4771,uniprot_P35240,omnigene_4771
NOTCH1,NOTCH1,es_20200501105458132000,es_20200501105430129000,es_20200422174107695913,geneInfo_gene_4851,jax_gene_4851,uniprot_P46531,omnigene_4851
NFE2L2,NFE2L2,es_20200501155957765000,es_20200422174055419980,es_20200422174055419998,geneInfo_gene_4780,jax_gene_4780,uniprot_Q16236,omnigene_4780
NKX3-1,NKX3-1,es_20200527151626372000,es_20200422174104461516,es_20200422174104461533,geneInfo_gene_4824,jax_gene_4824,uniprot_Q99801,omnigene_4824
NPM1,NPM1,es_20200527161301123000,es_20200422174120727515,es_20200422174120727533,geneInfo_gene_4869,jax_gene_4869,uniprot_P06748,omnigene_4869
NOTCH2,NOTCH2,es_20200527152823650000,es_20200422174111940549,es_20200422174111940567,geneInfo_gene_4853,jax_gene_4853,uniprot_Q04721,omnigene_4853
PDCD1,PDCD1,es_20200423071845297058,es_20200422174236411006,es_20200422174236411031,geneInfo_gene_5133,jax_gene_5133,uniprot_Q15116,omnigene_5133
NOTCH3,NOTCH3,es_20200527155353570000,es_20200422174115198871,es_20200422174115198888,geneInfo_gene_4854,jax_gene_4854,uniprot_Q9UM47,omnigene_4854
NOTCH4,NOTCH4,es_20200527160837311000,es_20200422174117027464,es_20200422174117027480,geneInfo_gene_4855,jax_gene_4855,uniprot_Q99466,omnigene_4855
NTRK3,NTRK3,es_20200508143415961000,es_20200422174137665517,es_20200422174137665534,geneInfo_gene_4916,jax_gene_4916,uniprot_Q16288,omnigene_4916
PAK3,PAK3,es_20200528104337389000,es_20200422174148069952,es_20200422174148069968,geneInfo_gene_5063,jax_gene_5063,uniprot_O75914,omnigene_5063
NSD1,NSD1,es_20200528092647983000,es_20200422174128436400,es_20200422174128436416,geneInfo_gene_64324,jax_gene_64324,uniprot_Q96L73,omnigene_64324
NRAS,NRAS,es_20200504140052543000,es_20200422174123759444,es_20200422174123759461,geneInfo_gene_4893,jax_gene_4893,uniprot_P01111,omnigene_4893
NRG1,NRG1,es_20200528090357259000,es_20200422174126716967,es_20200422174126716985,geneInfo_gene_3084,jax_gene_3084,uniprot_Q02297,omnigene_3084
NUTM1,NUTM1,es_20200528101810392000,es_20200422174142754877,es_20200422174142754893,geneInfo_gene_256646,jax_gene_256646,uniprot_Q86Y26,omnigene_256646
NTRK1,NTRK1,es_20200508144203587000,es_20200422174132775919,es_20200422174132775937,geneInfo_gene_4914,jax_gene_4914,uniprot_P04629,omnigene_4914
NTRK2,NTRK2,es_20200528093748754000,es_20200422174135828468,es_20200422174135828486,geneInfo_gene_4915,jax_gene_4915,uniprot_Q16620,omnigene_4915
NUP93,NUP93,es_20200528094908948000,es_20200422174140322370,es_20200422174140322387,geneInfo_gene_9688,jax_gene_9688,uniprot_Q8N1F7,omnigene_9688
PAX3,PAX3,es_20200528115529848000,es_20200422174223782237,es_20200422174223782254,geneInfo_gene_5077,jax_gene_5077,uniprot_P23760,omnigene_5077
PIK3CA,PIK3CA,es_20200430113022554000,es_20200422174303746744,es_20200422174303746764,geneInfo_gene_5290,jax_gene_5290,uniprot_P42336,omnigene_5290
PAK1,PAK1,es_2020052810183522000,es_20200422174145888535,es_20200422174145888553,geneInfo_gene_5058,jax_gene_5058,uniprot_Q13153,omnigene_5058
PAK5,PAK7,es_20200427111702252000,es_20200422174149904315,es_20200422174149904332,geneInfo_gene_57144,jax_gene_57144,uniprot_Q9P286,omnigene_57144
PALB2,PALB2,es_20200528105512713000,es_20200422174155805781,es_20200422174155805799,geneInfo_gene_79728,jax_gene_79728,uniprot_Q86YC2,omnigene_79728
PAX7,PAX7,es_20200528120514617000,es_20200422174228656652,es_20200422174228656668,geneInfo_gene_5081,jax_gene_5081,uniprot_P23759,omnigene_5081
PRKN,PARK2,es_20200427111718529000,es_20200422174208606693,es_20200422174208606711,geneInfo_gene_5071,jax_gene_5071,uniprot_O60260,omnigene_5071
PBRM1,PBRM1,es_20200528143439883000,es_20200422174233191529,es_20200422174233191548,geneInfo_gene_55193,jax_gene_55193,uniprot_Q86U86,omnigene_55193
PARP1,PARP1,es_20200528113103368000,es_20200422174220242961,es_20200422174220242979,geneInfo_gene_142,jax_gene_142,uniprot_P09874,omnigene_142
PAX8,PAX8,es_20200528142256109000,es_20200422174230240267,es_20200422174230240285,geneInfo_gene_7849,jax_gene_7849,uniprot_Q06710,omnigene_7849
PAX5,PAX5,es_20200511094136862000,es_20200422174226553852,es_20200422174226553869,geneInfo_gene_5079,jax_gene_5079,uniprot_Q02548,omnigene_5079
PDGFRB,PDGFRB,es_20200528144054636000,es_20200422174243741668,es_20200422174243741685,geneInfo_gene_5159,jax_gene_5159,uniprot_P09619,omnigene_5159
PDPK1,PDPK1,es_20200528151628833000,es_20200422174248353668,es_20200422174248353687,geneInfo_gene_5170,jax_gene_5170,uniprot_O15530,omnigene_5170
PIK3C2B,PIK3C2B,es_20200528155006701000,es_20200422174256004643,es_20200422174256004659,geneInfo_gene_5287,jax_gene_5287,uniprot_O00750,omnigene_5287
PDCD1LG2,PDCD1LG2,es_20200423071847199646,es_20200422174238551128,es_20200422174238551151,geneInfo_gene_80380,jax_gene_80380,uniprot_Q9BQ51,omnigene_80380
PHF6,PHF6,es_20200528152919531000,es_20200422174252173399,es_20200422174252173418,geneInfo_gene_84295,jax_gene_84295,uniprot_Q8IWS0,omnigene_84295
PDGFRA,PDGFRA,es_20200506135211260000,es_20200422174241213828,es_20200422174241213844,geneInfo_gene_5156,jax_gene_5156,uniprot_P16234,omnigene_5156
PDK1,PDK1,es_20200528150203213000,es_20200422174246104464,es_20200422174246104480,geneInfo_gene_5163,jax_gene_5163,uniprot_Q15118,omnigene_5163
PGR,PGR,es_20200528152733292000,es_20200422174250740170,es_20200422174250740187,geneInfo_gene_5241,jax_gene_5241,uniprot_P06401,omnigene_5241
PHOX2B,PHOX2B,es_20200528154743668000,es_20200422174254384120,es_20200422174254384143,geneInfo_gene_8929,jax_gene_8929,uniprot_Q99453,omnigene_8929
PIK3CG,PIK3CG,es_20200529110121420000,es_20200422174309827606,es_20200422174309827623,geneInfo_gene_5294,jax_gene_5294,uniprot_P48736,omnigene_5294
PIM1,PIM1,es_20200529135930105000,es_20200422174322694512,es_20200422174322694531,geneInfo_gene_5292,jax_gene_5292,uniprot_P11309,omnigene_5292
PMS1,PMS1,es_20200529141956573000,es_20200422174329297941,es_20200422174329297965,geneInfo_gene_5378,jax_gene_5378,uniprot_P54277,omnigene_5378
PIK3C2G,PIK3C2G,es_20200529101116235000,es_20200422174258256285,es_20200422174258256301,geneInfo_gene_5288,jax_gene_5288,uniprot_O75747,omnigene_5288
PIK3C3,PIK3C3,es_20200529102839410000,es_20200422174300615569,es_20200422174300615588,geneInfo_gene_5289,jax_gene_5289,uniprot_Q8NEB9,omnigene_5289
PIK3CD,PIK3CD,es_20200529110651153000,es_20200422174307767333,es_20200422174307767349,geneInfo_gene_5293,jax_gene_5293,uniprot_O00329,omnigene_5293
PIK3CB,PIK3CB,es_20200529104613968000,es_20200422174306066601,es_20200422174306066618,geneInfo_gene_5291,jax_gene_5291,uniprot_P42338,omnigene_5291
PIK3R3,PIK3R3,es_20200529133259187000,es_20200422174319621067,es_20200422174319621091,geneInfo_gene_8503,jax_gene_8503,uniprot_Q92569,omnigene_8503
PMAIP1,PMAIP1,es_20200529141244218000,es_20200422174327472935,es_20200422174327472952,geneInfo_gene_5366,jax_gene_5366,uniprot_Q13794,omnigene_5366
PIK3R1,PIK3R1,es_20200430113913425000,es_20200422174313616136,es_20200422174313616154,geneInfo_gene_5295,jax_gene_5295,uniprot_P27986,omnigene_5295
PLCG2,PLCG2,es_20200529140435241000,es_20200422174324277752,es_20200422174324277768,geneInfo_gene_5336,jax_gene_5336,uniprot_P16885,omnigene_5336
PIK3R2,PIK3R2,es_2020052911532959000,es_20200422174317166564,es_20200422174317166582,geneInfo_gene_5296,jax_gene_5296,uniprot_O00459,omnigene_5296
PLK2,PLK2,es_2020052914085592000,es_20200422174325754806,es_20200422174325754823,geneInfo_gene_10769,jax_gene_10769,uniprot_Q9NYY3,omnigene_10769
PPP2R1A,PPP2R1A,es_20200506154751813000,es_20200422174357558294,es_20200422174357558315,geneInfo_gene_5518,jax_gene_5518,uniprot_P30153,omnigene_5518
PMS2,PMS2,es_20200529142913184000,es_20200422174331363667,es_20200422174331363694,geneInfo_gene_5395,jax_gene_5395,uniprot_P54278,omnigene_5395
PRKAR1A,PRKAR1A,es_20200601132200982000,es_20200422174411781902,es_20200422174411781918,geneInfo_gene_5573,jax_gene_5573,uniprot_P10644,omnigene_5573
PTPRD,PTPRD,es_20200601140641428000,es_20200422174438619505,es_20200422174438619521,geneInfo_gene_5789,jax_gene_5789,uniprot_P23468,omnigene_5789
PNP,PNP,es_20200422174333809096,es_20200422174333809121,es_20200422174333809144,geneInfo_gene_4860,,uniprot_P00491,omnigene_4860
POLD1,POLD1,es_2020052914525908000,es_20200422174342506304,es_20200422174342506322,geneInfo_gene_5424,jax_gene_5424,uniprot_P28340,omnigene_5424
PPARG,PPARG,es_20200511100938818000,es_20200422174349941045,es_20200422174349941061,geneInfo_gene_5468,jax_gene_5468,uniprot_P37231,omnigene_5468
POLE,POLE,es_20200529153742336000,es_20200422174346851083,es_20200422174346851102,geneInfo_gene_5426,jax_gene_5426,uniprot_Q07864,omnigene_5426
PPP2R2A,PPP2R2A,es_20200601125105905000,es_20200422174359821600,es_20200422174359821617,geneInfo_gene_5520,jax_gene_5520,uniprot_P63151,omnigene_5520
PPM1D,PPM1D,es_20200529162208795000,es_20200422174353818370,es_20200422174353818389,geneInfo_gene_8493,jax_gene_8493,uniprot_O15297,omnigene_8493
PPP6C,PPP6C,es_20200422174404628952,es_20200422174404628983,es_20200422174404629004,geneInfo_gene_5537,jax_gene_5537,uniprot_O00743,omnigene_5537
PRDM1,PRDM1,es_20200601130257992000,es_20200422174407861600,es_20200601130010574000,geneInfo_gene_639,jax_gene_639,uniprot_O75626,omnigene_639
PRSS8,PRSS8,es_20200601140338879000,es_20200422174426092043,es_20200422174426092059,geneInfo_gene_5652,jax_gene_5652,uniprot_Q16651,omnigene_5652
PTCH1,PTCH1,es_20200501140111640000,es_20200422174428886585,es_20200422174428886601,geneInfo_gene_5727,jax_gene_5727,uniprot_Q13635,omnigene_5727
PRKCI,PRKCI,es_20200601134753368000,es_20200422174414424098,es_20200422174414424118,geneInfo_gene_5584,jax_gene_5584,uniprot_P41743,omnigene_5584
PRKDC,PRKDC,es_20200601135349280000,es_20200422174422546540,es_20200422174422546559,geneInfo_gene_5591,jax_gene_5591,uniprot_P78527,omnigene_5591
PTEN,PTEN,es_2020043014541309000,es_20200422174432765768,es_20200422174432765785,geneInfo_gene_5728,jax_gene_5728,uniprot_P60484,omnigene_5728
QKI,QKI,es_20200422174450117159,es_20200422174450117185,es_20200422174450117203,geneInfo_gene_9444,jax_gene_9444,uniprot_Q96PU8,omnigene_9444
PTPN11,PTPN11,es_20200506140810503000,es_20200422174435933766,es_20200422174435933784,geneInfo_gene_5781,jax_gene_5781,uniprot_Q06124,omnigene_5781
RB1,RB1,es_20200430160024363000,es_20200422174538599917,es_20200422174538599936,geneInfo_gene_5925,jax_gene_5925,uniprot_P06400,omnigene_5925
RPS6KA4,RPS6KA4,es_20200422174615077819,es_20200422174615077837,es_20200422174615077854,geneInfo_gene_8986,jax_gene_8986,uniprot_O75676,omnigene_8986
PTPRS,PTPRS,es_2020060115423391000,es_20200422174442777254,es_20200422174442777271,geneInfo_gene_5802,jax_gene_5802,uniprot_Q13332,omnigene_5802
PTPRT,PTPRT,es_20200422174445759312,es_20200422174445759330,es_20200422174445759346,geneInfo_gene_11122,jax_gene_11122,uniprot_O14522,omnigene_11122
RAD52,RAD52,es_20200422174514876101,es_20200422174514876119,es_20200422174514876135,geneInfo_gene_5893,jax_gene_5893,uniprot_P43351,omnigene_5893
RAB35,RAB35,es_20200422174452091725,es_20200422174452091742,es_20200422174452091758,geneInfo_gene_11021,jax_gene_11021,uniprot_Q15286,omnigene_11021
RAD50,RAD50,es_20200422174502264212,es_20200422174502264238,es_20200422174502264256,geneInfo_gene_10111,jax_gene_10111,uniprot_Q92878,omnigene_10111
RAC1,RAC1,es_20200507134726428000,es_20200422174455166320,es_20200422174455166338,geneInfo_gene_5879,jax_gene_5879,uniprot_P63000,omnigene_5879
RAD21,RAD21,es_20200422174459030564,es_20200422174459030592,es_20200422174459030610,geneInfo_gene_5885,jax_gene_5885,uniprot_O60216,omnigene_5885
RAD51,RAD51,es_20200422174506241462,es_20200422174506241489,es_20200422174506241507,geneInfo_gene_5888,jax_gene_5888,uniprot_Q06609,omnigene_5888
RAD51D,RAD51D,es_20200422174512651418,es_20200422174512651435,es_20200422174512651452,geneInfo_gene_5892,jax_gene_5892,uniprot_O75771,omnigene_5892
RAF1,RAF1,es_20200507141055927000,es_20200422174519864201,es_20200422174519864217,geneInfo_gene_5894,jax_gene_5894,uniprot_P04049,omnigene_5894
RAD51B,RAD51B,es_20200422174508183691,es_20200422174508183709,es_20200422174508183726,geneInfo_gene_5890,jax_gene_5890,uniprot_O15315,omnigene_5890
RAD54L,RAD54L,es_20200422174516226105,es_20200422174516226123,es_20200422174516226140,geneInfo_gene_8438,jax_gene_8438,uniprot_Q92698,omnigene_8438
RECQL4,RECQL4,es_20200422174544230461,es_20200422174544230481,es_20200422174544230500,geneInfo_gene_9401,jax_gene_9401,uniprot_O94761,omnigene_9401
RAD51C,RAD51C,es_20200422174510796598,es_20200422174510796616,es_20200422174510796632,geneInfo_gene_5889,jax_gene_5889,uniprot_O43502,omnigene_5889
RIT1,RIT1,es_20200422174607370748,es_20200422174607370765,es_20200422174607370781,geneInfo_gene_6016,jax_gene_6016,uniprot_Q92963,omnigene_6016
RANBP2,RANBP2,es_20200422174527557587,es_20200422174527557615,es_20200422174527557633,geneInfo_gene_5903,jax_gene_5903,uniprot_P49792,omnigene_5903
RARA,RARA,es_20200422174532340809,es_20200422174532340841,es_20200422174532340860,geneInfo_gene_5914,jax_gene_5914,uniprot_P10276,omnigene_5914
REL,REL,es_20200422174546121268,es_20200422174546121289,es_20200422174546121308,geneInfo_gene_5966,jax_gene_5966,uniprot_Q04864,omnigene_5966
RASA1,RASA1,es_20200422174534657128,es_20200422174534657154,es_20200422174534657177,geneInfo_gene_5921,jax_gene_5921,uniprot_P20936,omnigene_5921
RBM10,RBM10,es_20200422174541174700,es_20200422174541174730,es_20200422174541174751,geneInfo_gene_8241,jax_gene_8241,uniprot_P98175,omnigene_8241
RHEB,RHEB,es_20200511112819300000,es_20200422174555081463,es_20200422174555081480,geneInfo_gene_6009,jax_gene_6009,uniprot_Q15382,omnigene_6009
ROS1,ROS1,es_20200508094359625000,es_20200422174613370828,es_20200422174613370845,geneInfo_gene_6098,jax_gene_6098,uniprot_P08922,omnigene_6098
COP1,RFWD2,es_20200514160956812000,es_20200422174553077073,es_20200422174553077090,geneInfo_gene_64326,jax_gene_64326,uniprot_Q8NHY2,omnigene_64326
RICTOR,RICTOR,es_20200422174605118426,es_20200422174605118443,es_20200422174605118460,geneInfo_gene_253260,jax_gene_253260,uniprot_Q6R327,omnigene_253260
RET,RET,es_20200506100836351000,es_20200422174550647811,es_20200422174550647829,geneInfo_gene_5979,jax_gene_5979,uniprot_P07949,omnigene_5979
RHOA,RHOA,es_20200508090631330000,es_20200422174602447964,es_20200422174602447982,geneInfo_gene_387,jax_gene_387,uniprot_P61586,omnigene_387
RNF43,RNF43,es_20200422174611032467,es_20200422174611032494,es_20200422174611032512,geneInfo_gene_54894,jax_gene_54894,uniprot_Q68DV7,omnigene_54894
RPTOR,RPTOR,es_20200422174629013527,es_20200422174629013545,es_20200422174629013561,geneInfo_gene_57521,jax_gene_57521,uniprot_Q8N122,omnigene_57521
RPS6KB1,RPS6KB1,es_20200508111930856000,es_20200422174623325895,es_20200422174623325913,geneInfo_gene_6198,jax_gene_6198,uniprot_P23443,omnigene_6198
SDHA,SDHA,es_20200422174648100268,es_20200422174648100294,es_20200422174648100312,geneInfo_gene_6389,jax_gene_6389,uniprot_P31040,omnigene_6389
RPS6KB2,RPS6KB2,es_20200422174626827593,es_20200422174626827619,es_20200422174626827636,geneInfo_gene_6199,jax_gene_6199,uniprot_Q9UBS0,omnigene_6199
SDHB,SDHB,es_20200422174652147988,es_20200422174652148005,es_20200422174652148022,geneInfo_gene_6390,jax_gene_6390,uniprot_P21912,omnigene_6390
SH2B3,SH2B3,es_20200422174715053510,es_20200422174715053528,es_20200422174715053544,geneInfo_gene_10019,jax_gene_10019,uniprot_Q9UQQ2,omnigene_10019
RUNX1,RUNX1,es_20200422174634226991,es_20200422174634227017,es_20200422174634227035,geneInfo_gene_861,jax_gene_861,uniprot_Q01196,omnigene_861
SDHD,SDHD,es_20200422174657365998,es_20200422174657366016,es_20200422174657366032,geneInfo_gene_6392,jax_gene_6392,uniprot_O14521,omnigene_6392
RUNX1T1,RUNX1T1,es_20200422174638521378,es_20200422174638521405,es_20200422174638521422,geneInfo_gene_862,jax_gene_862,uniprot_Q06455,omnigene_862
RYBP,RYBP,es_20200422174644957022,es_20200422174644957048,es_20200422174644957066,geneInfo_gene_23429,jax_gene_23429,uniprot_Q8N488,omnigene_23429
SETBP1,SETBP1,es_20200422174659551224,es_20200422174659551242,es_20200422174659551259,geneInfo_gene_26040,jax_gene_26040,uniprot_Q9Y6X0,omnigene_26040
SDHAF2,SDHAF2,es_20200427111743935000,es_20200422174650268208,es_20200422174650268224,geneInfo_gene_54949,,uniprot_Q9NX18,omnigene_54949
SMARCA4,SMARCA4,es_20200422174736348946,es_20200422174736348964,es_20200422174736348980,geneInfo_gene_6597,jax_gene_6597,uniprot_P51532,omnigene_6597
SNCAIP,SNCAIP,es_20200422174753885306,es_20200422174753885324,es_20200422174753885341,geneInfo_gene_9627,jax_gene_9627,uniprot_Q9Y6H5,omnigene_9627
SDHC,SDHC,es_20200422174654270601,es_20200422174654270619,es_20200422174654270635,geneInfo_gene_6391,jax_gene_6391,uniprot_Q99643,omnigene_6391
SETD2,SETD2,es_20200422174707392164,es_20200422174707392201,es_20200422174707392219,geneInfo_gene_29072,jax_gene_29072,uniprot_Q9BYW2,omnigene_29072
SHQ1,SHQ1,es_20200422174720053466,es_20200422174720053484,es_20200422174720053501,geneInfo_gene_55164,jax_gene_55164,uniprot_Q6PI26,omnigene_55164
SF3B1,SF3B1,es_20200506133515614000,es_20200422174712787255,es_20200422174712787273,geneInfo_gene_23451,jax_gene_23451,uniprot_O75533,omnigene_23451
SLIT2,SLIT2,es_20200422174722526893,es_20200422174722526911,es_20200422174722526927,geneInfo_gene_9353,jax_gene_9353,uniprot_O94813,omnigene_9353
SMAD3,SMAD3,es_20200422174731333980,es_20200422174731333998,es_20200422174731334015,geneInfo_gene_4088,jax_gene_4088,uniprot_P84022,omnigene_4088
SMARCB1,SMARCB1,es_2020050514472109000,es_20200422174739312852,es_20200422174739312869,geneInfo_gene_6598,jax_gene_6598,uniprot_Q12824,omnigene_6598
SH2D1A,SH2D1A,es_20200422174718143262,es_20200422174718143287,es_20200422174718143305,geneInfo_gene_4068,jax_gene_4068,uniprot_O60880,omnigene_4068
SMAD2,SMAD2,es_20200422174728628278,es_20200422174728628296,es_20200422174728628312,geneInfo_gene_4087,jax_gene_4087,uniprot_Q15796,omnigene_4087
SMC1A,SMC1A,es_20200422174746453384,es_20200422174746453401,es_20200422174746453417,geneInfo_gene_8243,jax_gene_8243,uniprot_Q14683,omnigene_8243
SOX17,SOX17,es_20200422174802264683,es_20200422174802264700,es_20200422174802264717,geneInfo_gene_64321,jax_gene_64321,uniprot_Q9H6I2,omnigene_64321
SLX4,SLX4,es_20200422174725558367,es_20200422174725558385,es_20200422174725558401,geneInfo_gene_84464,jax_gene_84464,uniprot_Q8IY92,omnigene_84464
SMAD4,SMAD4,es_20200430132841230000,es_20200422174734021246,es_20200422174734021264,geneInfo_gene_4089,jax_gene_4089,uniprot_Q13485,omnigene_4089
SMARCD1,SMARCD1,es_20200422174743632834,es_20200422174743632860,es_20200422174743632877,geneInfo_gene_6602,jax_gene_6602,uniprot_Q96GM5,omnigene_6602
SOX2,SOX2,es_20200506151149168000,es_20200422174804486864,es_20200422174804486883,geneInfo_gene_6657,jax_gene_6657,uniprot_P48431,omnigene_6657
SMO,SMO,es_20200506102519362000,es_20200422174751881736,es_20200422174751881754,geneInfo_gene_6608,jax_gene_6608,uniprot_Q99835,omnigene_6608
SRSF2,SRSF2,es_20200422174825384608,es_20200422174825384625,es_20200422174825384641,geneInfo_gene_6427,jax_gene_6427,uniprot_Q01130,omnigene_6427
STAG1,STAG1,es_20200422174826952742,es_20200422174826952760,es_20200422174826952777,geneInfo_gene_10274,jax_gene_10274,uniprot_Q8WVM7,omnigene_10274
SOCS1,SOCS1,es_20200422174756766672,es_20200422174756766690,es_20200422174756766707,geneInfo_gene_8651,jax_gene_8651,uniprot_O15524,omnigene_8651
SPEN,SPEN,es_20200422174809887590,es_20200422174809887608,es_20200422174809887623,geneInfo_gene_23013,jax_gene_23013,uniprot_Q96T58,omnigene_23013
SPOP,SPOP,es_20200507142605249000,es_20200422174812634061,es_20200422174812634078,geneInfo_gene_8405,jax_gene_8405,uniprot_O43791,omnigene_8405
STAG2,STAG2,es_20200422174829982721,es_20200422174829982740,es_20200422174829982756,geneInfo_gene_10735,jax_gene_10735,uniprot_Q8N3U4,omnigene_10735
SOX9,SOX9,es_20200422174807494967,es_20200422174807494995,es_20200422174807495013,geneInfo_gene_6662,jax_gene_6662,uniprot_P48436,omnigene_6662
SPTA1,SPTA1,es_20200422174815095930,es_20200422174815095948,es_20200422174815095964,geneInfo_gene_6708,jax_gene_6708,uniprot_P02549,omnigene_6708
SRC,SRC,es_20200508135944818000,es_20200422174822128012,es_20200422174822128031,geneInfo_gene_6714,jax_gene_6714,uniprot_P12931,omnigene_6714
STAT1,STAT1,es_20200423071851799449,es_20200422174833968059,es_20200422174833968077,geneInfo_gene_6772,jax_gene_6772,uniprot_P42224,omnigene_6772
STAT5B,STAT5B,es_20200422174850530366,es_20200422174850530383,es_20200422174850530399,geneInfo_gene_6777,jax_gene_6777,uniprot_P51692,omnigene_6777
STAT3,STAT3,es_20200511110717928000,es_20200422174842732593,es_20200422174842732611,geneInfo_gene_6774,jax_gene_6774,uniprot_P40763,omnigene_6774
STK40,STK40,es_20200422174855260820,es_20200422174855260837,es_20200422174855260853,geneInfo_gene_83931,jax_gene_83931,uniprot_Q8N2I9,omnigene_83931
SUZ12,SUZ12,es_20200422174906024452,es_20200422174906024470,es_20200422174906024486,geneInfo_gene_23512,jax_gene_23512,uniprot_Q15022,omnigene_23512
STAT4,STAT4,es_20200422174845439697,es_20200422174845439715,es_20200422174845439731,geneInfo_gene_6775,jax_gene_6775,uniprot_Q14765,omnigene_6775
STAT5A,STAT5A,es_20200422174848555487,es_20200422174848555505,es_20200422174848555521,geneInfo_gene_6776,jax_gene_6776,uniprot_P42229,omnigene_6776
TCF3,TCF3,es_20200422174925149750,es_20200422174925149767,es_20200422174925149783,geneInfo_gene_6929,jax_gene_6929,uniprot_P15923,omnigene_6929
STK11,STK11,es_20200501111548764000,es_20200422174853589899,es_20200422174853589917,geneInfo_gene_6794,jax_gene_6794,uniprot_Q15831,omnigene_6794
SUFU,SUFU,es_20200422174902267317,es_20200422174902267344,es_20200422174902267361,geneInfo_gene_51684,jax_gene_51684,uniprot_Q9UMX1,omnigene_51684
TERC,TERC,es_20200422174929434711,es_20200422174929434730,es_20200422174929434746,geneInfo_gene_7012,jax_gene_7012,,omnigene_7012
SYK,SYK,es_20200422174909985100,es_20200422174909985128,es_20200422174909985146,geneInfo_gene_6850,jax_gene_6850,uniprot_P43405,omnigene_6850
TCF7L2,TCF7L2,es_20200422174928633540,es_20200422174928633558,es_20200422174928633574,geneInfo_gene_6934,jax_gene_6934,uniprot_Q9NQB0,omnigene_6934
TAF1,TAF1,es_20200422174914911507,es_20200422174914911534,es_20200422174914911553,geneInfo_gene_6872,jax_gene_6872,uniprot_P21675,omnigene_6872
TBX21,TBX21,es_20200423071852759724,es_20200422174918700183,es_20200422174918700201,geneInfo_gene_30009,,uniprot_Q9UL17,omnigene_30009
TBX3,TBX3,es_20200422174921416200,es_20200422174921416218,es_20200422174921416234,geneInfo_gene_6926,jax_gene_6926,uniprot_O15119,omnigene_6926
TET2,TET2,es_20200430161143592000,es_20200422174938984539,es_20200422174938984556,geneInfo_gene_54790,jax_gene_54790,uniprot_Q6N021,omnigene_54790
ELOC,TCEB1,es_20200427111842370000,es_20200422174923077889,es_20200422174923077905,geneInfo_gene_6921,jax_gene_6921,uniprot_Q15369,omnigene_6921
TERT,TERT,es_20200507152157613000,es_20200422174932629084,es_20200422174932629100,geneInfo_gene_7015,jax_gene_7015,uniprot_O14746,omnigene_7015
TET1,TET1,es_20200422174935712331,es_20200422174935712357,es_20200422174935712375,geneInfo_gene_80312,jax_gene_80312,uniprot_Q8NFU7,omnigene_80312
TFE3,TFE3,es_20200422174941964064,es_20200422174941964091,es_20200422174941964109,geneInfo_gene_7030,jax_gene_7030,uniprot_P19532,omnigene_7030
TFRC,TFRC,es_20200422174944522587,es_20200422174944522612,es_20200422174944522630,geneInfo_gene_7037,jax_gene_7037,uniprot_P02786,omnigene_7037
TIAF1,TIAF1,es_20200422174954328583,es_20200422174954328600,es_20200422174954328616,geneInfo_gene_9220,,uniprot_O95411,omnigene_9220
TGFB1,TGFB1,es_20200423071853291239,es_20200422174947462782,es_20200422174947462799,geneInfo_gene_7040,jax_gene_7040,uniprot_P01137,omnigene_7040
TGFBR1,TGFBR1,es_20200422174949958788,es_20200422174949958806,es_20200422174949958822,geneInfo_gene_7046,jax_gene_7046,uniprot_P36897,omnigene_7046
TNFRSF18,TNFRSF18,es_20200423071901549272,es_20200422175011869053,es_20200422175011869068,geneInfo_gene_8784,,uniprot_Q9Y5U5,omnigene_8784
TGFBR2,TGFBR2,es_20200422174952160937,es_20200422174952160955,es_20200422174952160970,geneInfo_gene_7048,jax_gene_7048,uniprot_P37173,omnigene_7048
TMEM127,TMEM127,es_20200422174956356111,es_20200422174956356129,es_20200422174956356145,geneInfo_gene_55654,jax_gene_55654,uniprot_O75204,omnigene_55654
TNFRSF9,TNFRSF9,es_20200423071902996115,es_20200422175015449278,es_20200422175015449294,geneInfo_gene_3604,,uniprot_Q07011,omnigene_3604
TMPRSS2,TMPRSS2,es_20200422174959977589,es_20200422174959977618,es_20200422174959977636,geneInfo_gene_7113,jax_gene_7113,uniprot_O15393,omnigene_7113
TNF,TNF,es_20200423071859160947,es_20200422175004127358,es_20200422175004127376,geneInfo_gene_7124,jax_gene_7124,uniprot_P01375,omnigene_7124
TNFSF4,TNFSF4,es_20200423071903547395,es_20200422175018320728,es_20200422175018320744,geneInfo_gene_7292,jax_gene_7292,uniprot_P23510,omnigene_7292
TNFAIP3,TNFAIP3,es_20200422175007143979,es_20200422175007143997,es_20200422175007144013,geneInfo_gene_7128,jax_gene_7128,uniprot_P21580,omnigene_7128
TP63,TP63,es_20200422175033168674,es_20200422175033168692,es_20200422175033168708,geneInfo_gene_8626,jax_gene_8626,uniprot_Q9H3D4,omnigene_8626
TNFRSF14,TNFRSF14,es_20200423071900652337,es_20200422175010193803,es_20200422175010193821,geneInfo_gene_8764,jax_gene_8764,uniprot_Q92956,omnigene_8764
TOP1,TOP1,es_20200422175020380313,es_20200422175020380331,es_20200422175020380347,geneInfo_gene_7150,jax_gene_7150,uniprot_P11387,omnigene_7150
TNFRSF4,TNFRSF4,es_20200423071902121820,es_20200422175013390373,es_20200422175013390389,geneInfo_gene_7293,jax_gene_7293,uniprot_P43489,omnigene_7293
TOP2A,TOP2A,es_20200422175024007799,es_20200422175024007816,es_20200422175024007831,geneInfo_gene_7153,jax_gene_7153,uniprot_P11388,omnigene_7153
TRAF2,TRAF2,es_20200422175035826618,es_20200422175035826636,es_20200422175035826652,geneInfo_gene_7186,jax_gene_7186,uniprot_Q12933,omnigene_7186
XRCC2,XRCC2,es_20200422175116245857,es_20200422175116245875,es_20200422175116245891,geneInfo_gene_7516,jax_gene_7516,uniprot_O43543,omnigene_7516
TP53,TP53,es_20200429160937246000,es_20200422175030548240,es_20200422175030548257,geneInfo_gene_7157,jax_gene_7157,uniprot_P04637,omnigene_7157
TSC2,TSC2,es_20200501132908608000,es_20200422175048425736,es_20200422175048425753,geneInfo_gene_7249,jax_gene_7249,uniprot_P49815,omnigene_7249
TRAF7,TRAF7,es_20200422175038751530,es_20200422175038751558,es_20200422175038751575,geneInfo_gene_84231,jax_gene_84231,uniprot_Q6Q0C0,omnigene_84231
TSC1,TSC1,es_20200501131902846000,es_20200422175044164328,es_20200422175044164345,geneInfo_gene_7248,jax_gene_7248,uniprot_Q92574,omnigene_7248
VHL,VHL,es_20200505145839436000,es_20200422175059543631,es_20200422175059543647,geneInfo_gene_7428,jax_gene_7428,uniprot_P40337,omnigene_7428
XIAP,XIAP,es_20200422175111270539,es_20200422175111270556,es_20200422175111270573,geneInfo_gene_331,jax_gene_331,uniprot_P98170,omnigene_331
TSHR,TSHR,es_20200422175052010128,es_20200422175052010155,es_20200422175052010173,geneInfo_gene_7253,jax_gene_7253,uniprot_P16473,omnigene_7253
U2AF1,U2AF1,es_2020050515515896000,es_20200422175053665166,es_20200422175053665182,geneInfo_gene_7307,jax_gene_7307,uniprot_P0DN76,omnigene_7307
XPO1,XPO1,es_20200511105715953000,es_20200422175113853760,es_20200422175113853776,geneInfo_gene_7514,jax_gene_7514,uniprot_O14980,omnigene_7514
VEGFA,VEGFA,es_20200422175056224737,es_20200422175056224755,es_20200422175056224772,geneInfo_gene_7422,jax_gene_7422,uniprot_P15692,omnigene_7422
VTCN1,VTCN1,es_20200422175101899932,es_20200422175101899951,es_20200422175101899967,geneInfo_gene_79679,jax_gene_79679,uniprot_Q7Z7D3,omnigene_79679
CCN6,WISP3,es_20200427111913610000,es_20200422175104241995,es_20200422175104242013,geneInfo_gene_8838,jax_gene_8838,uniprot_O95389,omnigene_8838
WT1,WT1,es_20200504141318908000,es_20200422175108629547,es_20200422175108629564,geneInfo_gene_7490,jax_gene_7490,uniprot_P19544,omnigene_7490
YAP1,YAP1,es_20200422175122744753,es_20200422175122744782,es_20200422175122744799,geneInfo_gene_10413,jax_gene_10413,uniprot_P46937,omnigene_10413
ZRSR2,ZRSR2,es_20200422175142801060,es_20200422175142801078,es_20200422175142801094,geneInfo_gene_8233,jax_gene_8233,uniprot_Q15696,omnigene_8233
YES1,YES1,es_20200422175124989063,es_20200422175124989080,es_20200422175124989096,geneInfo_gene_7525,jax_gene_7525,uniprot_P07947,omnigene_7525
ZBTB2,ZBTB2,es_20200422175127618066,es_20200422175127618083,es_20200422175127618098,geneInfo_gene_57621,jax_gene_57621,uniprot_Q8N680,omnigene_57621
ZNF703,ZNF703,es_20200422175141228255,es_20200422175141228273,es_20200422175141228289,geneInfo_gene_80139,jax_gene_80139,uniprot_Q9H7S9,omnigene_80139
ZBTB7A,ZBTB7A,es_20200422175132126513,es_20200422175132126539,es_20200422175132126557,geneInfo_gene_51341,jax_gene_51341,uniprot_O95365,omnigene_51341
ZFHX3,ZFHX3,es_20200422175137225610,es_20200422175137225639,es_20200422175137225656,geneInfo_gene_463,jax_gene_463,uniprot_Q15911,omnigene_463
ZNF217,ZNF217,es_20200507130645865000,es_20200422175139284104,es_20200422175139284119,geneInfo_gene_7764,jax_gene_7764,uniprot_O75362,omnigene_7764
CTAG2,CTAG2,es_20200423071817792369,es_20200422181530260614,es_20200422181530260638,geneInfo_gene_30848,jax_gene_30848,uniprot_O75638,omnigene_30848
CXCR2,CXCR2,es_20200423071821468185,es_20200422181538558693,es_20200422181538558718,geneInfo_gene_3579,,uniprot_P25025,omnigene_3579
MAGEA3,MAGEA3,es_20200423071837974541,es_20200422181559825060,es_20200422181559825086,geneInfo_gene_4102,jax_gene_4102,uniprot_P43357,omnigene_4102
CTAG1B,CTAG1B,es_20200423071816291626,es_20200422181526766182,es_20200422181526766208,geneInfo_gene_1485,jax_gene_1485,uniprot_P78358,omnigene_1485
MAGEA4,MAGEA4,es_20200423071838961814,es_20200422181603230723,es_20200422181603230751,geneInfo_gene_4103,jax_gene_4103,uniprot_P43358,omnigene_4103
MAGEA1,MAGEA1,es_20200423071835725490,es_20200422181557373970,es_20200422181557373996,geneInfo_gene_4100,jax_gene_4100,uniprot_P43355,omnigene_4100
NECTIN2,NECTIN2,es_20200423071844363046,es_20200422181609478140,es_20200422181609478166,geneInfo_gene_5819,,uniprot_Q92692,omnigene_5819
SSX2,SSX2,es_20200423071850479020,es_20200422181618429416,es_20200422181618429448,geneInfo_gene_6757,jax_gene_6757,uniprot_Q16385,omnigene_6757
PVR,PVR,es_20200423071848487578,es_20200422181615641447,es_20200422181615641471,geneInfo_gene_5817,,uniprot_P15151,omnigene_5817
TIGIT,TIGIT,es_20200423071853864985,es_20200422181622733289,es_20200422181622733316,geneInfo_gene_201633,,uniprot_Q495A1,omnigene_201633
TLR7,TLR7,es_20200423071854774972,es_20200422181627172338,es_20200422181627172365,geneInfo_gene_51284,jax_gene_51284,uniprot_Q9NYK1,omnigene_51284
TLR8,TLR8,es_20200423071856867428,es_20200422181636396851,es_20200422181636396877,geneInfo_gene_51311,,uniprot_Q9NR97,omnigene_51311
TLR9,TLR9,es_20200423071858015096,es_20200422181641056731,es_20200422181641056756,geneInfo_gene_54106,,uniprot_Q9NR96,omnigene_54106
TTC6,TTC6,es_20200430155214233284,es_20200430155214233303,es_20200430155214233315,geneInfo_gene_319089,,,omnigene_319089
SYNE1,SYNE1,es_20200430115905760000,es_20200430155446696447,es_20200430155446696459,geneInfo_gene_23345,,uniprot_Q8NF91,omnigene_23345
STT3A,STT3A,es_20200430123502128000,es_20200430163421664871,es_20200430163421664896,geneInfo_gene_3703,,uniprot_P46977,omnigene_3703
